Make,Model,Production,Production_Start_Year,Production_End_Year,Country
LEXUS,CT,1/2011 - 11/2022,2011,2022,Japan
LEXUS,ES,10/2018 - Now on Sale,2018,2024,Japan
LEXUS,GS,8/2005 - 7/2020,2005,2020,Japan
LEXUS,GS F,11/2015 - 7/2020,2015,2020,Japan
LEXUS,HS,7/2009 - 3/2018,2009,2018,Japan
LEXUS,IS,9/2005 - Now on Sale,2005,2024,Japan
LEXUS,IS F,12/2007 - 5/2014,2007,2014,Japan
LEXUS,LC,3/2017 - Now on Sale,2017,2024,Japan
LEXUS,LFA,12/2010 - 12/2012,2010,2012,Japan
LEXUS,LS,9/2006 - Now on Sale,2006,2024,Japan
LEXUS,LX,9/2015 - Now on Sale,2015,2024,Japan
LEXUS,NX,7/2014 - Now on Sale,2014,2024,Japan
LEXUS,RC,10/2014 - Now on Sale,2014,2024,Japan
LEXUS,RC F,10/2014 - Now on Sale,2014,2024,Japan
LEXUS,RX,1/2009 - Now on Sale,2009,2024,Japan
LEXUS,RZ,3/2023 - Now on Sale,2023,2024,Japan
LEXUS,SC,8/2005 - 7/2010,2005,2010,Japan
LEXUS,UX,11/2018 - Now on Sale,2018,2024,Japan
TOYOTA,86,4/2012 - 10/2021,2012,2021,Japan
TOYOTA,ALLEX,1/2001 - 9/2006,2001,2006,Japan
TOYOTA,ALLION,12/2001 - 3/2021,2001,2021,Japan
TOYOTA,ALPHARD,5/2008 - Now on Sale,2008,2024,Japan
TOYOTA,ALPHARD G,5/2002 - 5/2008,2002,2008,Japan
TOYOTA,ALPHARD HYBRID,7/2003 - Now on Sale,2003,2024,Japan
TOYOTA,ALPHARD V,5/2002 - 5/2008,2002,2008,Japan
TOYOTA,ALTEZZA,10/1998 - 7/2005,1998,2005,Japan
TOYOTA,ALTEZZA GITA,7/2001 - 7/2005,2001,2005,Japan
TOYOTA,AQUA,12/2011 - Now on Sale,2011,2024,Japan
TOYOTA,ARISTO,10/1991 - 12/2004,1991,2004,Japan
TOYOTA,AURIS,10/2006 - 3/2018,2006,2018,Japan
TOYOTA,AVALON,5/1995 - 6/1999,1995,1999,Japan
TOYOTA,AVENSIS SEDAN,10/2003 - 12/2008,2003,2008,Japan
TOYOTA,AVEVSIS WAGON,10/2003 - 4/2018,2003,2018,Japan
TOYOTA,BELTA,11/2005 - 6/2012,2005,2012,Japan
TOYOTA,BLADE,12/2006 - 4/2012,2006,2012,Japan
TOYOTA,BREVIS,6/2001 - 5/2007,2001,2007,Japan
TOYOTA,BZ4X,5/2022 - Now on Sale,2022,2024,Japan
TOYOTA,bB,2/2000 - 8/2016,2000,2016,Japan
TOYOTA,CALDINA,11/1992 - 5/2007,1992,2007,Japan
TOYOTA,CAMI,5/1999 - 1/2006,1999,2006,Japan
TOYOTA,CAMRY,8/1988 - Now on Sale,1988,2024,Japan
TOYOTA,CAMRY GRACIA,8/1999 - 9/2001,1999,2001,Japan
TOYOTA,CAMRY GRACIA SEDAN,12/1996 - 8/1999,1996,1999,Japan
TOYOTA,CAMRY GRACIA STATIONWAGON,12/1996 - 8/1999,1996,1999,Japan
TOYOTA,CARINA,5/1988 - 12/2001,1988,2001,Japan
TOYOTA,CARINA ED,9/1989 - 4/1998,1989,1998,Japan
TOYOTA,CARINA SURF,5/1988 - 8/1992,1988,1992,Japan
TOYOTA,CAVALIER,1/1996 - 9/2000,1996,2000,Japan
TOYOTA,CELICA,9/1989 - 4/2006,1989,2006,Japan
TOYOTA,CELSIOR,10/1989 - 5/2006,1989,2006,Japan
TOYOTA,CENTURY,9/1990 - Now on Sale,1990,2024,Japan
TOYOTA,CHASER,4/1989 - 10/2001,1989,2001,Japan
TOYOTA,CHR,12/2016 - Now on Sale,2016,2024,Japan
TOYOTA,COPEN,10/2019 - Now on Sale,2019,2024,Japan
TOYOTA,COROLLA,5/1989 - Now on Sale,1989,2024,Japan
TOYOTA,COROLLASPORT,6/2018 - Now on Sale,2018,2024,Japan
TOYOTA,COROLLA AXIO,10/2006 - Now on Sale,2006,2024,Japan
TOYOTA,COROLLA CERES,5/1992 - 7/1998,1992,1998,Japan
TOYOTA,COROLLA CROSS,9/2021 - Now on Sale,2021,2024,Japan
TOYOTA,COROLLA FIELDER,8/2000 - Now on Sale,2000,2024,Japan
TOYOTA,COROLLA FX,5/1989 - 5/1995,1989,1995,Japan
TOYOTA,COROLLA II,5/1988 - 7/1999,1988,1999,Japan
TOYOTA,COROLLA LEVIN,5/1989 - 8/2000,1989,2000,Japan
TOYOTA,COROLLA RUMION,10/2007 - 1/2016,2007,2016,Japan
TOYOTA,COROLLA RUNX,1/2001 - 9/2006,2001,2006,Japan
TOYOTA,COROLLA SPACIO,1/1997 - 6/2007,1997,2007,Japan
TOYOTA,COROLLA TOURING,10/2019 - Now on Sale,2019,2024,Japan
TOYOTA,COROLLA TOURING WAGON,9/1991 - 8/2000,1991,2000,Japan
TOYOTA,COROLLA WAGON,8/1989 - 6/2002,1989,2002,Japan
TOYOTA,CORONA,11/1989 - 1/1996,1989,1996,Japan
TOYOTA,CORONA EXIV,9/1989 - 3/1998,1989,1998,Japan
TOYOTA,CORONA PREMIO,1/1996 - 12/2001,1996,2001,Japan
TOYOTA,CORONA SF,11/1989 - 1/1996,1989,1996,Japan
TOYOTA,CORSA,5/1988 - 7/1999,1988,1999,Japan
TOYOTA,CRESTA,2/1989 - 6/2001,1989,2001,Japan
TOYOTA,CROWN,9/1988 - 7/2022,1988,2022,Japan
TOYOTA,CROWN CROSSOVER,9/2022 - Now on Sale,2022,2024,Japan
TOYOTA,CROWN ESTATE,12/1999 - 5/2007,1999,2007,Japan
TOYOTA,CROWN HYBRID,5/2008 - 7/2022,2008,2022,Japan
TOYOTA,CROWN MAJESTA,10/1991 - 4/2018,1991,2018,Japan
TOYOTA,CROWN STATIONWAGON,9/1988 - 12/1999,1988,1999,Japan
TOYOTA,CURREN,1/1994 - 9/1998,1994,1998,Japan
TOYOTA,CYNOS,1/1991 - 7/1999,1991,1999,Japan
TOYOTA,DUET,9/1998 - 6/2004,1998,2004,Japan
TOYOTA,ESQUIRE,10/2014 - 12/2021,2014,2021,Japan
TOYOTA,ESTIMA,5/1990 - 10/2019,1990,2019,Japan
TOYOTA,ESTIMA EMINA,1/1992 - 1/2000,1992,2000,Japan
TOYOTA,ESTIMA HYBRID,6/2001 - 10/2019,2001,2019,Japan
TOYOTA,ESTIMA L,1/2000 - 1/2006,2000,2006,Japan
TOYOTA,ESTIMA LUCIDA,1/1992 - 1/2000,1992,2000,Japan
TOYOTA,ESTIMA T,1/2000 - 1/2006,2000,2006,Japan
TOYOTA,FJ CRUISER,12/2010 - 1/2018,2010,2018,Japan
TOYOTA,FUNCARGO,8/1999 - 9/2005,1999,2005,Japan
TOYOTA,GAIA,5/1998 - 7/2004,1998,2004,Japan
TOYOTA,GR86,10/2021 - Now on Sale,2021,2024,Japan
TOYOTA,GRANACE,12/2019 - Now on Sale,2019,2024,Japan
TOYOTA,GRAND HIACE,8/1999 - 5/2002,1999,2002,Japan
TOYOTA,GRANVIA,8/1995 - 5/2002,1995,2002,Japan
TOYOTA,GRMN YARIS,1/2022 - 2/2022,2022,2022,Japan
TOYOTA,GR COROLLA,12/2022 - Now on Sale,2022,2024,Japan
TOYOTA,GR YARIS,1/2020 - Now on Sale,2020,2024,Japan
TOYOTA,HARRIER,12/1997 - Now on Sale,1997,2024,Japan
TOYOTA,HARRIER HYBRID,3/2005 - Now on Sale,2005,2024,Japan
TOYOTA,HARRIER PHEV,10/2022 - Now on Sale,2022,2024,Japan
TOYOTA,HIACE REGIUS,4/1997 - 8/1999,1997,1999,Japan
TOYOTA,HIACE WAGON,5/1992 - Now on Sale,1992,2024,Japan
TOYOTA,HILUX,9/2017 - Now on Sale,2017,2024,Japan
TOYOTA,HILUX PICK UP,8/1990 - 9/1997,1990,1997,Japan
TOYOTA,HILUX SPORTS PICK UP,9/1997 - 7/2004,1997,2004,Japan
TOYOTA,HILUX SURF,5/1989 - 7/2009,1989,2009,Japan
TOYOTA,IPSUM,5/1996 - 12/2009,1996,2009,Japan
TOYOTA,IQ,11/2008 - 3/2016,2008,2016,Japan
TOYOTA,ISIS,9/2004 - 12/2017,2004,2017,Japan
TOYOTA,IST,5/2002 - 5/2016,2002,2016,Japan
TOYOTA,KLUGER HYBRID,3/2005 - 5/2007,2005,2007,Japan
TOYOTA,KLUGER L,8/2003 - 5/2007,2003,2007,Japan
TOYOTA,KLUGER V,11/2000 - 11/2005,2000,2005,Japan
TOYOTA,LAND CRUISER,9/2007 - Now on Sale,2007,2024,Japan
TOYOTA,LAND CRUISER 100,1/1998 - 7/2007,1998,2007,Japan
TOYOTA,LAND CRUISER 60,8/1988 - 10/1989,1988,1989,Japan
TOYOTA,LAND CRUISER 70,8/1987 - 7/2015,1987,2015,Japan
TOYOTA,LAND CRUISER 80,10/1989 - 8/1996,1989,1996,Japan
TOYOTA,LAND CRUISER PRADO,4/1990 - Now on Sale,1990,2024,Japan
TOYOTA,LITEACE NOAH,10/1996 - 11/2001,1996,2001,Japan
TOYOTA,LITEACE WAGON,9/1989 - 10/1996,1989,1996,Japan
TOYOTA,MARKII BLIT,1/2002 - 5/2007,2002,2007,Japan
TOYOTA,MARKII QUALIS,4/1997 - 1/2002,1997,2002,Japan
TOYOTA,MARKII WAGON,8/1989 - 8/1996,1989,1996,Japan
TOYOTA,MARK II,4/1989 - 11/2004,1989,2004,Japan
TOYOTA,MARK X,11/2004 - 12/2019,2004,2019,Japan
TOYOTA,MARK X ZIO,9/2007 - 11/2013,2007,2013,Japan
TOYOTA,MASTER ACE SURF,4/1989 - 1/1992,1989,1992,Japan
TOYOTA,MEGA CRUISER,1/1996 - 12/2001,1996,2001,Japan
TOYOTA,MIRAI,12/2014 - Now on Sale,2014,2024,Japan
TOYOTA,MR2,10/1989 - 8/1999,1989,1999,Japan
TOYOTA,MRS,10/1999 - 7/2007,1999,2007,Japan
TOYOTA,NADIA,8/1998 - 8/2003,1998,2003,Japan
TOYOTA,NOAH,11/2001 - Now on Sale,2001,2024,Japan
TOYOTA,OPA,5/2000 - 4/2005,2000,2005,Japan
TOYOTA,ORIGIN,11/2000 - 3/2001,2000,2001,Japan
TOYOTA,PASSO,6/2004 - Now on Sale,2004,2024,Japan
TOYOTA,PASSO SETTE,12/2008 - 3/2012,2008,2012,Japan
TOYOTA,PIXIS EPOCH,5/2012 - Now on Sale,2012,2024,Japan
TOYOTA,PIXIS JOY,8/2016 - 6/2023,2016,2023,Japan
TOYOTA,PIXIS MEGA,7/2015 - 8/2022,2015,2022,Japan
TOYOTA,PIXIS SPACE,9/2011 - 1/2017,2011,2017,Japan
TOYOTA,PLATZ,8/1999 - 11/2005,1999,2005,Japan
TOYOTA,PORTE,7/2004 - 12/2020,2004,2020,Japan
TOYOTA,PREMIO,12/2001 - 3/2021,2001,2021,Japan
TOYOTA,PRIUS,12/1997 - Now on Sale,1997,2024,Japan
TOYOTA,PRIUS ALPHA,5/2011 - 3/2021,2011,2021,Japan
TOYOTA,PRIUS PHV,1/2012 - 1/2023,2012,2023,Japan
TOYOTA,PROBOX WAGON,7/2002 - 10/2013,2002,2013,Japan
TOYOTA,PROGRES,5/1998 - 5/2007,1998,2007,Japan
TOYOTA,PRONARD,4/2000 - 11/2003,2000,2003,Japan
TOYOTA,RACTIS,10/2005 - 9/2016,2005,2016,Japan
TOYOTA,RAIZE,11/2019 - Now on Sale,2019,2024,Japan
TOYOTA,RAUM,5/1997 - 10/2011,1997,2011,Japan
TOYOTA,RAV4,11/2005 - Now on Sale,2005,2024,Japan
TOYOTA,RAV4J,5/1994 - 11/2005,1994,2005,Japan
TOYOTA,RAV4L,5/1994 - 11/2005,1994,2005,Japan
TOYOTA,RAV4 PHV,6/2020 - Now on Sale,2020,2024,Japan
TOYOTA,REGIUS,8/1999 - 5/2002,1999,2002,Japan
TOYOTA,ROOMY,11/2016 - Now on Sale,2016,2024,Japan
TOYOTA,RUSH,1/2006 - 3/2016,2006,2016,Japan
TOYOTA,SAI,12/2009 - 11/2017,2009,2017,Japan
TOYOTA,SCEPTER COUPE,11/1993 - 4/1996,1993,1996,Japan
TOYOTA,SCEPTER SEDAN,11/1992 - 12/1996,1992,1996,Japan
TOYOTA,SCEPTER STATIONWAGON,9/1992 - 6/1996,1992,1996,Japan
TOYOTA,SERA,3/1990 - 1/1996,1990,1996,Japan
TOYOTA,SIENTA,9/2003 - Now on Sale,2003,2024,Japan
TOYOTA,SOARER,4/1989 - 6/2005,1989,2005,Japan
TOYOTA,SPADE,7/2012 - 12/2020,2012,2020,Japan
TOYOTA,SPARKY,9/2000 - 8/2003,2000,2003,Japan
TOYOTA,SPRINTER,5/1989 - 8/2000,1989,2000,Japan
TOYOTA,SPRINTER CARIB,8/1989 - 8/2002,1989,2002,Japan
TOYOTA,SPRINTER CIELO,5/1989 - 6/1991,1989,1991,Japan
TOYOTA,SPRINTER MARINO,5/1992 - 7/1998,1992,1998,Japan
TOYOTA,SPRINTER TRUENO,5/1989 - 8/2000,1989,2000,Japan
TOYOTA,SPRINTER WAGON,9/1991 - 6/2002,1991,2002,Japan
TOYOTA,STARLET,12/1989 - 7/1999,1989,1999,Japan
TOYOTA,SUCCEED WAGON,7/2002 - 10/2013,2002,2013,Japan
TOYOTA,SUPRA,8/1989 - Now on Sale,1989,2024,Japan
TOYOTA,TANK,11/2016 - 9/2020,2016,2020,Japan
TOYOTA,TERCEL,5/1988 - 7/1999,1988,1999,Japan
TOYOTA,TOURING HIACE,8/1999 - 5/2002,1999,2002,Japan
TOYOTA,TOWNACE NOAH,10/1996 - 11/2001,1996,2001,Japan
TOYOTA,TOWNACE WAGON,8/1988 - 10/1996,1988,1996,Japan
TOYOTA,VANGUARD,8/2007 - 11/2013,2007,2013,Japan
TOYOTA,VELLFIRE,5/2008 - Now on Sale,2008,2024,Japan
TOYOTA,VELLFIRE HYBRID,11/2011 - Now on Sale,2011,2024,Japan
TOYOTA,VEROSSA,7/2001 - 4/2004,2001,2004,Japan
TOYOTA,VISTA,8/1988 - 10/2003,1988,2003,Japan
TOYOTA,VISTA ARDEO,7/1998 - 10/2003,1998,2003,Japan
TOYOTA,VITZ,1/1999 - 3/2020,1999,2020,Japan
TOYOTA,VOLTZ,8/2002 - 4/2004,2002,2004,Japan
TOYOTA,VOXY,11/2001 - Now on Sale,2001,2024,Japan
TOYOTA,WILL CYPHA,10/2002 - 7/2005,2002,2005,Japan
TOYOTA,WILL VI,1/2000 - 12/2001,2000,2001,Japan
TOYOTA,WILL VS,4/2001 - 4/2004,2001,2004,Japan
TOYOTA,WINDOM,10/1991 - 3/2006,1991,2006,Japan
TOYOTA,WISH,1/2003 - 10/2017,2003,2017,Japan
TOYOTA,YARIS,2/2020 - Now on Sale,2020,2024,Japan
TOYOTA,YARIS CROSS,8/2020 - Now on Sale,2020,2024,Japan
NISSAN,180SX,3/1989 - 1/1999,1989,1999,Japan
NISSAN,AD MAX WAGON,6/1992 - 6/1999,1992,1999,Japan
NISSAN,AD WAGON,10/1990 - 5/1996,1990,1996,Japan
NISSAN,ARIYA,6/2021 - Now on Sale,2021,2024,Japan
NISSAN,AURA,8/2021 - Now on Sale,2021,2024,Japan
NISSAN,AVENIR,5/1990 - 10/2005,1990,2005,Japan
NISSAN,AVENIR SALUT,8/1995 - 8/1998,1995,1998,Japan
NISSAN,BASSARA,11/1999 - 6/2003,1999,2003,Japan
NISSAN,BLUEBIRD,1/1989 - 9/2001,1989,2001,Japan
NISSAN,BLUEBIRD AUSSIE,5/1991 - 9/1991,1991,1991,Japan
NISSAN,BLUEBIRD SYLPHY,8/2000 - 12/2012,2000,2012,Japan
NISSAN,BLUEBIRD WAGON,10/1989 - 9/1990,1989,1990,Japan
NISSAN,CARAVAN COACH,10/1988 - 6/2012,1988,2012,Japan
NISSAN,CARAVAN ELGRAND,5/1997 - 8/1999,1997,1999,Japan
NISSAN,CARAVAN WAGON,10/2021 - Now on Sale,2021,2024,Japan
NISSAN,CEDRIC,6/1989 - 10/2004,1989,2004,Japan
NISSAN,CEDRIC CIMA,8/1989 - 8/1991,1989,1991,Japan
NISSAN,CEDRIC WAGON,6/1989 - 8/1999,1989,1999,Japan
NISSAN,CEFIRO,9/1988 - 3/2003,1988,2003,Japan
NISSAN,CEFIRO WAGON,6/1997 - 8/2000,1997,2000,Japan
NISSAN,CIMA,8/1991 - 8/2022,1991,2022,Japan
NISSAN,CLIPPER RIO,6/2007 - 1/2012,2007,2012,Japan
NISSAN,CREW,1/1994 - 6/2002,1994,2002,Japan
NISSAN,CUBE,2/1998 - 3/2020,1998,2020,Japan
NISSAN,CUBE CUBIC,9/2003 - 11/2008,2003,2008,Japan
NISSAN,DATSUN PICK UP,9/1989 - 8/2002,1989,2002,Japan
NISSAN,DAYZ,6/2013 - Now on Sale,2013,2024,Japan
NISSAN,DAYZ ROOX,2/2014 - 2/2020,2014,2020,Japan
NISSAN,DUALIS,5/2007 - 3/2014,2007,2014,Japan
NISSAN,ELGRAND,8/1999 - Now on Sale,1999,2024,Japan
NISSAN,ENV200WAGON,10/2014 - 10/2019,2014,2019,Japan
NISSAN,EXA,4/1989 - 8/1990,1989,1990,Japan
NISSAN,FAIRLADY Z,7/1989 - Now on Sale,1989,2024,Japan
NISSAN,FIGARO,2/1991 - 2/1992,1991,1992,Japan
NISSAN,FUGA,10/2004 - 8/2022,2004,2022,Japan
NISSAN,FUGA HYBRID,11/2010 - 6/2022,2010,2022,Japan
NISSAN,GLORIA,6/1989 - 10/2004,1989,2004,Japan
NISSAN,GLORIA CIMA,8/1989 - 8/1991,1989,1991,Japan
NISSAN,GLORIA WAGON,6/1989 - 8/1999,1989,1999,Japan
NISSAN,GTR,12/2007 - Now on Sale,2007,2024,Japan
NISSAN,HOMY COACH,10/1988 - 6/1999,1988,1999,Japan
NISSAN,HOMY ELGRAND,5/1997 - 8/1999,1997,1999,Japan
NISSAN,INFINITI Q45,11/1989 - 7/1997,1989,1997,Japan
NISSAN,JUKE,6/2010 - 6/2020,2010,2020,Japan
NISSAN,KICKS,6/2020 - Now on Sale,2020,2024,Japan
NISSAN,KIX,10/2008 - 8/2012,2008,2012,Japan
NISSAN,LAFESTA,12/2004 - 3/2018,2004,2018,Japan
NISSAN,LARGO,5/1993 - 6/1999,1993,1999,Japan
NISSAN,LATIO,10/2012 - 12/2016,2012,2016,Japan
NISSAN,LAUREL,4/1989 - 1/2003,1989,2003,Japan
NISSAN,LEAF,12/2010 - Now on Sale,2010,2024,Japan
NISSAN,LEOPARD,8/1988 - 6/1999,1988,1999,Japan
NISSAN,LEOPARD JFERRIE,6/1992 - 3/1996,1992,1996,Japan
NISSAN,LIBERTY,11/1998 - 12/2004,1998,2004,Japan
NISSAN,LUCINO,5/1994 - 4/1999,1994,1999,Japan
NISSAN,LUCINO HATCH,1/1995 - 9/1999,1995,1999,Japan
NISSAN,LUCINO SRV,5/1996 - 8/2000,1996,2000,Japan
NISSAN,MARCH,1/1989 - 12/2022,1989,2022,Japan
NISSAN,MARCH BOX,11/1999 - 6/2001,1999,2001,Japan
NISSAN,MAXIMA,10/1988 - 8/1994,1988,1994,Japan
NISSAN,MICRA CC,5/2007 - 8/2010,2007,2010,Japan
NISSAN,MISTRAL,6/1994 - 8/1998,1994,1998,Japan
NISSAN,MOCO,4/2002 - 5/2016,2002,2016,Japan
NISSAN,MURANO,9/2004 - 4/2015,2004,2015,Japan
NISSAN,NOTE,1/2005 - Now on Sale,2005,2024,Japan
NISSAN,NV100CLIPPER RIO,12/2013 - Now on Sale,2013,2024,Japan
NISSAN,NV200VANETTE WAGON,5/2009 - Now on Sale,2009,2024,Japan
NISSAN,NV350CARAVAN WAGON,6/2012 - 10/2021,2012,2021,Japan
NISSAN,OTTI,6/2005 - 6/2013,2005,2013,Japan
NISSAN,PAO,1/1989 - 2/1991,1989,1991,Japan
NISSAN,PINO,1/2007 - 2/2010,2007,2010,Japan
NISSAN,PRAIRIE,4/1989 - 8/1995,1989,1995,Japan
NISSAN,PRAIRIE JOY,8/1995 - 11/1998,1995,1998,Japan
NISSAN,PRESAGE,6/1998 - 8/2009,1998,2009,Japan
NISSAN,PRESEA,6/1990 - 8/2000,1990,2000,Japan
NISSAN,PRESIDENT,4/1989 - 6/2010,1989,2010,Japan
NISSAN,PRESIDENT JS,2/1992 - 8/2002,1992,2002,Japan
NISSAN,PRIMERA,2/1990 - 12/2005,1990,2005,Japan
NISSAN,PRIMERA CAMINO,9/1995 - 5/1999,1995,1999,Japan
NISSAN,PRIMERA CAMINO WAGON,9/1997 - 5/1999,1997,1999,Japan
NISSAN,PRIMERA UK,2/1997 - 9/1998,1997,1998,Japan
NISSAN,PRIMERA WAGON,9/1997 - 12/2005,1997,2005,Japan
NISSAN,PULSAR,4/1989 - 8/2000,1989,2000,Japan
NISSAN,PULSAR SERIE,1/1995 - 8/2000,1995,2000,Japan
NISSAN,PULSAR SERIE SRV,5/1996 - 8/2000,1996,2000,Japan
NISSAN,QUEST,2/1996 - 12/1998,1996,1998,Japan
NISSAN,RASHEEN,12/1994 - 8/2000,1994,2000,Japan
NISSAN,RNESSA,10/1997 - 9/2001,1997,2001,Japan
NISSAN,ROOX,12/2009 - Now on Sale,2009,2024,Japan
NISSAN,SAFARI,9/1989 - 7/2007,1989,2007,Japan
NISSAN,SAKURA,5/2022 - Now on Sale,2022,2024,Japan
NISSAN,SERENA,5/1994 - Now on Sale,1994,2024,Japan
NISSAN,SILVIA,5/1988 - 11/2002,1988,2002,Japan
NISSAN,SKYLINE,5/1989 - Now on Sale,1989,2024,Japan
NISSAN,SKYLINE CROSSOVER,7/2009 - 6/2016,2009,2016,Japan
NISSAN,STAGEA,9/1996 - 6/2007,1996,2007,Japan
NISSAN,SUNNY,4/1989 - 10/2004,1989,2004,Japan
NISSAN,SUNNY CALIFORNIA,4/1989 - 5/1996,1989,1996,Japan
NISSAN,SUNNY NXCOUPE,1/1990 - 1/1994,1990,1994,Japan
NISSAN,SYLPHY,12/2012 - 10/2021,2012,2021,Japan
NISSAN,TEANA,2/2003 - 7/2020,2003,2020,Japan
NISSAN,TERRANO,10/1989 - 8/2002,1989,2002,Japan
NISSAN,TERRANO REGULUS,8/1996 - 8/2002,1996,2002,Japan
NISSAN,TIIDA,9/2004 - 8/2012,2004,2012,Japan
NISSAN,TIIDA LATIO,10/2004 - 10/2012,2004,2012,Japan
NISSAN,TINO,12/1998 - 5/2003,1998,2003,Japan
NISSAN,VANETTE LARGO COACH,11/1986 - 5/1993,1986,1993,Japan
NISSAN,VANETTE SERENA,6/1991 - 5/1994,1991,1994,Japan
NISSAN,VW SANTANA,1/1987 - 5/1990,1987,1990,Japan
NISSAN,WINGROAD,5/1996 - 3/2018,1996,2018,Japan
NISSAN,XTRAIL,11/2000 - Now on Sale,2000,2024,Japan
HONDA,ACCORD,9/1989 - 1/2023,1989,2023,Japan
HONDA,ACCORD COUPE,4/1990 - 12/1996,1990,1996,Japan
HONDA,ACCORD HYBRID,6/2013 - 2/2020,2013,2020,Japan
HONDA,ACCORD INSPIRE,9/1989 - 4/1995,1989,1995,Japan
HONDA,ACCORD PLUGIN HYBRID,12/2013 - 3/2016,2013,2016,Japan
HONDA,ACCORD TOURER,12/2008 - 3/2013,2008,2013,Japan
HONDA,ACCORD WAGON,4/1991 - 12/2008,1991,2008,Japan
HONDA,AIRWAVE,4/2005 - 8/2010,2005,2010,Japan
HONDA,ASCOT,9/1989 - 5/1997,1989,1997,Japan
HONDA,ASCOT INNOVA,3/1992 - 12/1996,1992,1996,Japan
HONDA,AVANCIER,9/1999 - 7/2003,1999,2003,Japan
HONDA,BEAT,5/1991 - 10/1995,1991,1995,Japan
HONDA,CAPA,4/1998 - 1/2002,1998,2002,Japan
HONDA,CITY,2/1989 - 12/1995,1989,1995,Japan
HONDA,CIVIC,3/1989 - Now on Sale,1989,2024,Japan
HONDA,CIVIC COUPE,2/1993 - 8/1997,1993,1997,Japan
HONDA,CIVIC FERIO,9/1991 - 9/2005,1991,2005,Japan
HONDA,CIVIC HYBRID,12/2001 - 12/2010,2001,2010,Japan
HONDA,CIVIC SHUTTLE,9/1989 - 9/1996,1989,1996,Japan
HONDA,CLARITY FUEL CELL,3/2016 - 9/2021,2016,2021,Japan
HONDA,CLARITY PHEV,7/2018 - 6/2021,2018,2021,Japan
HONDA,CONCERTO,10/1989 - 11/1992,1989,1992,Japan
HONDA,CROSS ROAD,11/1993 - 8/2010,1993,2010,Japan
HONDA,CRV,10/1995 - 12/2022,1995,2022,Japan
HONDA,CRV HYBRID,11/2018 - 12/2022,2018,2022,Japan
HONDA,CRX,8/1988 - 2/1992,1988,1992,Japan
HONDA,CRX DELSOL,3/1992 - 7/1997,1992,1997,Japan
HONDA,CRZ,2/2010 - 1/2017,2010,2017,Japan
HONDA,DOMANI,10/1992 - 6/2001,1992,2001,Japan
HONDA,EDIX,7/2004 - 8/2009,2004,2009,Japan
HONDA,ELEMENT,4/2003 - 7/2005,2003,2005,Japan
HONDA,ELYSION,5/2004 - 5/2012,2004,2012,Japan
HONDA,ELYSION PRESTIGE,1/2007 - 10/2013,2007,2013,Japan
HONDA,FIT,6/2001 - Now on Sale,2001,2024,Japan
HONDA,FIT ARIA,12/2002 - 1/2009,2002,2009,Japan
HONDA,FIT HYBRID,10/2010 - 2/2020,2010,2020,Japan
HONDA,FIT SHUTTLE,6/2011 - 3/2015,2011,2015,Japan
HONDA,FIT SHUTTLE HYBRID,6/2011 - 3/2015,2011,2015,Japan
HONDA,FREED,5/2008 - Now on Sale,2008,2024,Japan
HONDA,FREED HYBRID,10/2011 - Now on Sale,2011,2024,Japan
HONDA,FREED PLUS,9/2016 - Now on Sale,2016,2024,Japan
HONDA,FREED PLUS HYBRID,9/2016 - Now on Sale,2016,2024,Japan
HONDA,FREED SPIKE,7/2010 - 9/2016,2010,2016,Japan
HONDA,FREED SPIKE HYBRID,10/2011 - 9/2016,2011,2016,Japan
HONDA,GRACE,12/2014 - 7/2020,2014,2020,Japan
HONDA,HONDA E,10/2020 - Now on Sale,2020,2024,Japan
HONDA,HORIZON,2/1994 - 10/1999,1994,1999,Japan
HONDA,HRV,9/1998 - 2/2006,1998,2006,Japan
HONDA,INSIGHT,11/1999 - 12/2022,1999,2022,Japan
HONDA,INSIGHT EXCLUSIVE,11/2011 - 3/2014,2011,2014,Japan
HONDA,INSPIRE,1/1992 - 10/2012,1992,2012,Japan
HONDA,INTEGRA,4/1989 - 2/2007,1989,2007,Japan
HONDA,INTEGRA SJ,3/1996 - 9/2000,1996,2000,Japan
HONDA,JADE,2/2015 - 7/2020,2015,2020,Japan
HONDA,JAZZ,10/1993 - 12/1995,1993,1995,Japan
HONDA,LAGREAT,6/1999 - 4/2004,1999,2004,Japan
HONDA,LEGEND,7/1989 - 12/2021,1989,2021,Japan
HONDA,LEGEND COUPE,1/1991 - 8/1996,1991,1996,Japan
HONDA,LIFE,4/1997 - 4/2014,1997,2014,Japan
HONDA,LIFE DUNK,12/2000 - 9/2003,2000,2003,Japan
HONDA,LOGO,10/1996 - 6/2001,1996,2001,Japan
HONDA,MDX,3/2003 - 7/2006,2003,2006,Japan
HONDA,MOBILIO,12/2001 - 6/2008,2001,2008,Japan
HONDA,MOBILIO SPIKE,9/2002 - 6/2008,2002,2008,Japan
HONDA,NBOX,12/2011 - Now on Sale,2011,2024,Japan
HONDA,NBOX CUSTOM,12/2011 - Now on Sale,2011,2024,Japan
HONDA,NBOX PLUS,7/2012 - 8/2017,2012,2017,Japan
HONDA,NBOX PLUS CUSTOM,7/2012 - 8/2017,2012,2017,Japan
HONDA,NBOX SLASH,12/2014 - 2/2020,2014,2020,Japan
HONDA,NONE,11/2012 - Now on Sale,2012,2024,Japan
HONDA,NSX,9/1990 - 9/2021,1990,2021,Japan
HONDA,NWGN,11/2013 - Now on Sale,2013,2024,Japan
HONDA,NWGN CUSTOM,11/2013 - Now on Sale,2013,2024,Japan
HONDA,ODYSSEY,10/1994 - 9/2022,1994,2022,Japan
HONDA,ODYSSEY HYBRID,2/2016 - 9/2022,2016,2022,Japan
HONDA,ODYSSEY PRESTIGE,10/1997 - 12/1999,1997,1999,Japan
HONDA,ORTHIA,2/1997 - 1/2002,1997,2002,Japan
HONDA,ORTHIA P,3/1996 - 2/1997,1996,1997,Japan
HONDA,ORTHIA V,3/1996 - 2/1997,1996,1997,Japan
HONDA,PRELUDE,8/1988 - 9/2000,1988,2000,Japan
HONDA,PRELUDE INX,11/1989 - 10/1991,1989,1991,Japan
HONDA,RAFAGA,10/1993 - 5/1997,1993,1997,Japan
HONDA,S2000,4/1999 - 9/2009,1999,2009,Japan
HONDA,S660,4/2015 - 12/2021,2015,2021,Japan
HONDA,SABER,2/1995 - 6/2003,1995,2003,Japan
HONDA,SHUTTLE,5/2015 - 11/2022,2015,2022,Japan
HONDA,SMX,11/1996 - 1/2002,1996,2002,Japan
HONDA,STEPWAGON,5/1996 - Now on Sale,1996,2024,Japan
HONDA,STEPWAGON SPADA,10/2009 - 5/2022,2009,2022,Japan
HONDA,STREAM,10/2000 - 5/2014,2000,2014,Japan
HONDA,STREET,1/1990 - 10/1998,1990,1998,Japan
HONDA,THATS,2/2002 - 10/2007,2002,2007,Japan
HONDA,TODAY,2/1988 - 6/1997,1988,1997,Japan
HONDA,TODAY ASSOCIE,5/1993 - 2/1996,1993,1996,Japan
HONDA,TORNEO,9/1997 - 10/2002,1997,2002,Japan
HONDA,VAMOS,6/1999 - 5/2018,1999,2018,Japan
HONDA,VAMOS HOBIO,4/2003 - 5/2018,2003,2018,Japan
HONDA,VEZEL,12/2013 - Now on Sale,2013,2024,Japan
HONDA,VIGOR,9/1989 - 2/1995,1989,1995,Japan
HONDA,Z,10/1998 - 1/2002,1998,2002,Japan
HONDA,ZEST,3/2006 - 11/2012,2006,2012,Japan
HONDA,ZEST SPARK,12/2008 - 11/2012,2008,2012,Japan
HONDA,ZRV,4/2023 - Now on Sale,2023,2024,Japan
MAZDA,ATENZA SEDAN,5/2002 - 7/2019,2002,2019,Japan
MAZDA,ATENZA SPORT,5/2002 - 11/2012,2002,2012,Japan
MAZDA,ATENZA SPORT WAGON,6/2002 - 11/2012,2002,2012,Japan
MAZDA,ATENZA WAGON,11/2012 - 7/2019,2012,2019,Japan
MAZDA,AUTOZAM AZ1,10/1992 - 9/1995,1992,1995,Japan
MAZDA,AUTOZAM AZ3,6/1991 - 6/1998,1991,1998,Japan
MAZDA,AUTOZAM CAROL,11/1989 - 10/1998,1989,1998,Japan
MAZDA,AUTOZAM CLEF,5/1992 - 12/1994,1992,1994,Japan
MAZDA,AUTOZAM REVUE,9/1993 - 10/1997,1993,1997,Japan
MAZDA,AXELA,10/2003 - 5/2019,2003,2019,Japan
MAZDA,AXELA HYBRID,11/2013 - 5/2019,2013,2019,Japan
MAZDA,AXELA SPORT,10/2003 - 5/2019,2003,2019,Japan
MAZDA,AZOFFROAD,10/1998 - 3/2014,1998,2014,Japan
MAZDA,AZWAGON,9/1994 - 12/2012,1994,2012,Japan
MAZDA,AZWAGON CUSTOM STYLE,9/2008 - 12/2012,2008,2012,Japan
MAZDA,BIANTE,7/2008 - 3/2018,2008,2018,Japan
MAZDA,BONGO BRAWNY WAGON,9/1987 - 6/1995,1987,1995,Japan
MAZDA,BONGO FRIENDEE,6/1995 - 4/2006,1995,2006,Japan
MAZDA,BONGO WAGON,4/1989 - 4/1999,1989,1999,Japan
MAZDA,CAPELLA,6/1989 - 8/2002,1989,2002,Japan
MAZDA,CAPELLA C2,6/1989 - 10/1991,1989,1991,Japan
MAZDA,CAPELLA CARGO,6/1989 - 10/1994,1989,1994,Japan
MAZDA,CAPELLA CG,6/1989 - 10/1991,1989,1991,Japan
MAZDA,CAPELLA WAGON,10/1994 - 8/2002,1994,2002,Japan
MAZDA,CAROL,10/1998 - Now on Sale,1998,2024,Japan
MAZDA,CAROL ECO,11/2012 - 1/2015,2012,2015,Japan
MAZDA,CRONOS,10/1991 - 10/1994,1991,1994,Japan
MAZDA,CX3,2/2015 - Now on Sale,2015,2024,Japan
MAZDA,CX30,10/2019 - Now on Sale,2019,2024,Japan
MAZDA,CX5,2/2012 - Now on Sale,2012,2024,Japan
MAZDA,CX60,9/2022 - Now on Sale,2022,2024,Japan
MAZDA,CX7,12/2006 - 12/2011,2006,2011,Japan
MAZDA,CX8,12/2017 - Now on Sale,2017,2024,Japan
MAZDA,DEMIO,8/1996 - 7/2019,1996,2019,Japan
MAZDA,EFINI MPV,1/1990 - 11/1997,1990,1997,Japan
MAZDA,EFINI MS6,11/1991 - 12/1994,1991,1994,Japan
MAZDA,EFINI MS8,3/1992 - 6/1998,1992,1998,Japan
MAZDA,EFINI MS9,11/1991 - 6/1994,1991,1994,Japan
MAZDA,EFINI RX7,12/1991 - 10/1997,1991,1997,Japan
MAZDA,FAMILIA,2/1989 - 10/2003,1989,2003,Japan
MAZDA,FAMILIA ASTINA,4/1989 - 6/1994,1989,1994,Japan
MAZDA,FAMILIA BUSINESS WAGON,6/1999 - 1/2000,1999,2000,Japan
MAZDA,FAMILIA NEO,6/1994 - 8/1995,1994,1995,Japan
MAZDA,FAMILIA SWAGON,6/1998 - 4/2004,1998,2004,Japan
MAZDA,FAMILIA WAGON,7/1995 - 6/1997,1995,1997,Japan
MAZDA,FLAIR,10/2012 - Now on Sale,2012,2024,Japan
MAZDA,FLAIR CROSSOVER,1/2014 - Now on Sale,2014,2024,Japan
MAZDA,FLAIR CUSTOM STYLE,10/2012 - 3/2017,2012,2017,Japan
MAZDA,FLAIR WAGON,6/2012 - Now on Sale,2012,2024,Japan
MAZDA,FLAIR WAGON CUSTOM STYEL,7/2013 - Now on Sale,2013,2024,Japan
MAZDA,FLAIR WAGON TOUGH STYEL,12/2018 - Now on Sale,2018,2024,Japan
MAZDA,LANTIS,9/1993 - 5/1997,1993,1997,Japan
MAZDA,LAPUTA,3/1999 - 4/2006,1999,2006,Japan
MAZDA,LUCE,9/1988 - 1/1990,1988,1990,Japan
MAZDA,MAZDA2,9/2019 - Now on Sale,2019,2024,Japan
MAZDA,MAZDA3 FASTBACK,5/2019 - Now on Sale,2019,2024,Japan
MAZDA,MAZDA3 SEDAN,5/2019 - Now on Sale,2019,2024,Japan
MAZDA,MAZDA6 SEDAN,8/2019 - Now on Sale,2019,2024,Japan
MAZDA,MAZDA6 WAGON,8/2019 - Now on Sale,2019,2024,Japan
MAZDA,MAZDA SPEED ATENZA,6/2005 - 1/2008,2005,2008,Japan
MAZDA,MAZDA SPEED AXELA,6/2006 - 11/2013,2006,2013,Japan
MAZDA,MILLENIA,7/1997 - 10/2003,1997,2003,Japan
MAZDA,MPV,11/1997 - 3/2016,1997,2016,Japan
MAZDA,MX30,10/2020 - Now on Sale,2020,2024,Japan
MAZDA,MX30 EV MODEL,1/2021 - Now on Sale,2021,2024,Japan
MAZDA,MX6,1/1992 - 6/1996,1992,1996,Japan
MAZDA,PERSONA,10/1988 - 3/1990,1988,1990,Japan
MAZDA,PREMACY,4/1999 - 3/2018,1999,2018,Japan
MAZDA,PROCEED,1/1990 - 12/1998,1990,1998,Japan
MAZDA,PROCEED LEVANTE,2/1995 - 10/1999,1995,1999,Japan
MAZDA,PROCEED MARVIE,1/1991 - 1/1999,1991,1999,Japan
MAZDA,REVUE,10/1997 - 12/1998,1997,1998,Japan
MAZDA,ROADSTER,1/1998 - Now on Sale,1998,2024,Japan
MAZDA,ROADSTER COUPE,10/2003 - 8/2005,2003,2005,Japan
MAZDA,ROADSTER RF,12/2016 - Now on Sale,2016,2024,Japan
MAZDA,RX7,10/1997 - 4/2003,1997,2003,Japan
MAZDA,RX8,4/2003 - 4/2013,2003,2013,Japan
MAZDA,SAVANNA RX7,4/1989 - 10/1992,1989,1992,Japan
MAZDA,SCRUM WAGON,12/1999 - Now on Sale,1999,2024,Japan
MAZDA,SENTIA,5/1991 - 11/2000,1991,2000,Japan
MAZDA,SPIANO,2/2002 - 10/2008,2002,2008,Japan
MAZDA,TRIBUTE,11/2000 - 3/2006,2000,2006,Japan
MAZDA,VERISA,6/2004 - 10/2015,2004,2015,Japan
EUNOS,EUNOS100,11/1989 - 6/1993,1989,1993,Japan
EUNOS,EUNOS300,11/1989 - 12/1991,1989,1991,Japan
EUNOS,EUNOS500,1/1992 - 6/1996,1992,1996,Japan
EUNOS,EUNOS800,10/1993 - 7/1997,1993,1997,Japan
EUNOS,EUNOS CARGO WAGON,2/1990 - 4/1993,1990,1993,Japan
EUNOS,EUNOS COSMO,3/1990 - 6/1996,1990,1996,Japan
EUNOS,EUNOS PRESSO,5/1991 - 4/1996,1991,1996,Japan
EUNOS,EUNOS ROADSTER,9/1989 - 1/1998,1989,1998,Japan
FORD JAPAN,FESTIVA,3/1989 - 12/1997,1989,1997,Japan
FORD JAPAN,FESTIVA MINIWAGON,8/1996 - 12/2003,1996,2003,Japan
FORD JAPAN,FREDA,6/1995 - 4/2002,1995,2002,Japan
FORD JAPAN,IXION,5/1999 - 12/2003,1999,2003,Japan
FORD JAPAN,LASER,6/1994 - 12/1998,1994,1998,Japan
FORD JAPAN,LASER COUPE,4/1989 - 6/1994,1989,1994,Japan
FORD JAPAN,LASER LIDEA SEDAN,12/1998 - 6/2001,1998,2001,Japan
FORD JAPAN,LASER LIDEA WAGON,12/1998 - 6/2001,1998,2001,Japan
FORD JAPAN,LASER SEDAN,4/1989 - 12/1998,1989,1998,Japan
FORD JAPAN,SPECTRON,1/1989 - 1/1998,1989,1998,Japan
FORD JAPAN,TELSTAR II,8/1994 - 8/1997,1994,1997,Japan
FORD JAPAN,TELSTAR SEDAN,6/1989 - 8/1999,1989,1999,Japan
FORD JAPAN,TELSTAR TX5,6/1989 - 6/1996,1989,1996,Japan
FORD JAPAN,TELSTAR WAGON,9/1990 - 10/1999,1990,1999,Japan
MITSUBISHI,AIRTREK,6/2001 - 10/2005,2001,2005,Japan
MITSUBISHI,ASPIRE,8/1998 - 6/2003,1998,2003,Japan
MITSUBISHI,CARISMA,10/1996 - 10/1999,1996,1999,Japan
MITSUBISHI,CHALLENGER,7/1996 - 10/2001,1996,2001,Japan
MITSUBISHI,CHARIOT,10/1988 - 10/1997,1988,1997,Japan
MITSUBISHI,CHARIOT GRANDIS,10/1997 - 5/2003,1997,2003,Japan
MITSUBISHI,COLT,11/2002 - 10/2012,2002,2012,Japan
MITSUBISHI,COLT PLUS,10/2004 - 10/2012,2004,2012,Japan
MITSUBISHI,DEBONAIR,10/1992 - 2/2000,1992,2000,Japan
MITSUBISHI,DEBONAIR V,4/1989 - 10/1992,1989,1992,Japan
MITSUBISHI,DELICA D2,3/2011 - Now on Sale,2011,2024,Japan
MITSUBISHI,DELICA D3,10/2011 - 4/2019,2011,2019,Japan
MITSUBISHI,DELICA D5,1/2007 - Now on Sale,2007,2024,Japan
MITSUBISHI,DELICA MINI,5/2023 - Now on Sale,2023,2024,Japan
MITSUBISHI,DELICA SPACE GEAR,5/1994 - 1/2007,1994,2007,Japan
MITSUBISHI,DELICA STAR WAGON,4/1989 - 10/1999,1989,1999,Japan
MITSUBISHI,DIAMANTE,5/1990 - 12/2005,1990,2005,Japan
MITSUBISHI,DIAMANTE WAGON,3/1993 - 10/2001,1993,2001,Japan
MITSUBISHI,DIGNITY,2/2000 - 1/2017,2000,2017,Japan
MITSUBISHI,DINGO,1/1999 - 12/2002,1999,2002,Japan
MITSUBISHI,DION,1/2000 - 3/2006,2000,2006,Japan
MITSUBISHI,ECLIPSE,1/1990 - 9/2000,1990,2000,Japan
MITSUBISHI,ECLIPSE CROSS,3/2018 - Now on Sale,2018,2024,Japan
MITSUBISHI,ECLIPSE CROSS PHEV,12/2020 - Now on Sale,2020,2024,Japan
MITSUBISHI,ECLIPSE SPIDER,10/2004 - 4/2006,2004,2006,Japan
MITSUBISHI,EK ACTIVE,5/2004 - 9/2006,2004,2006,Japan
MITSUBISHI,EK CLASSY,5/2003 - 12/2005,2003,2005,Japan
MITSUBISHI,EK CUSTOM,6/2013 - 3/2019,2013,2019,Japan
MITSUBISHI,EK SPACE,2/2014 - Now on Sale,2014,2024,Japan
MITSUBISHI,EK SPACE CUSTOM,2/2014 - 2/2020,2014,2020,Japan
MITSUBISHI,EK SPORT,9/2002 - 6/2013,2002,2013,Japan
MITSUBISHI,EK WAGON,10/2001 - Now on Sale,2001,2024,Japan
MITSUBISHI,EK X,3/2019 - Now on Sale,2019,2024,Japan
MITSUBISHI,EK X EV,6/2022 - Now on Sale,2022,2024,Japan
MITSUBISHI,EK X SPACE,3/2020 - 4/2023,2020,2023,Japan
MITSUBISHI,EMERAUDE,10/1992 - 10/1995,1992,1995,Japan
MITSUBISHI,ETERNA,10/1988 - 10/1995,1988,1995,Japan
MITSUBISHI,ETERNA SAVA,10/1989 - 5/1992,1989,1992,Japan
MITSUBISHI,ETERNA SIGMA,10/1988 - 5/1990,1988,1990,Japan
MITSUBISHI,FTO,10/1994 - 9/2000,1994,2000,Japan
MITSUBISHI,GALANT,4/1989 - 12/2005,1989,2005,Japan
MITSUBISHI,GALANT FORTIS,8/2007 - 4/2015,2007,2015,Japan
MITSUBISHI,GALANT FORTIS SPORT BACK,12/2008 - 4/2015,2008,2015,Japan
MITSUBISHI,GALANT SIGMA,5/1989 - 5/1990,1989,1990,Japan
MITSUBISHI,GALANT SPORTS,8/1994 - 11/1995,1994,1995,Japan
MITSUBISHI,GRANDIS,5/2003 - 3/2009,2003,2009,Japan
MITSUBISHI,GTO,10/1990 - 9/2000,1990,2000,Japan
MITSUBISHI,I,1/2006 - 9/2013,2006,2013,Japan
MITSUBISHI,IMIEV,4/2010 - 2/2021,2010,2021,Japan
MITSUBISHI,JEEP,10/1986 - 9/1998,1986,1998,Japan
MITSUBISHI,LANCER,6/1988 - 9/2015,1988,2015,Japan
MITSUBISHI,LANCER CEDIA,5/2000 - 2/2003,2000,2003,Japan
MITSUBISHI,LANCER CEDIA WAGON,11/2000 - 2/2003,2000,2003,Japan
MITSUBISHI,LANCER WAGON,10/1989 - 8/2007,1989,2007,Japan
MITSUBISHI,LEGNUM,8/1996 - 12/2002,1996,2002,Japan
MITSUBISHI,LIBERO,5/1992 - 8/2002,1992,2002,Japan
MITSUBISHI,MINICA,1/1989 - 7/2011,1989,2011,Japan
MITSUBISHI,MINICAB BRAVO,1/1989 - 1/1991,1989,1991,Japan
MITSUBISHI,MINICA TOPPO,3/1990 - 10/1998,1990,1998,Japan
MITSUBISHI,MIRAGE,2/1989 - Now on Sale,1989,2024,Japan
MITSUBISHI,MIRAGE ASTI,5/1993 - 6/2000,1993,2000,Japan
MITSUBISHI,MIRAGE WAGON,10/1989 - 5/1992,1989,1992,Japan
MITSUBISHI,OUTLANDER,10/2005 - 12/2020,2005,2020,Japan
MITSUBISHI,OUTLANDER PHEV,1/2013 - Now on Sale,2013,2024,Japan
MITSUBISHI,PAJERO,6/1989 - 8/2019,1989,2019,Japan
MITSUBISHI,PAJERO IO,6/1998 - 8/2007,1998,2007,Japan
MITSUBISHI,PAJERO JR,11/1995 - 6/1998,1995,1998,Japan
MITSUBISHI,PAJERO MINI,12/1994 - 2/2013,1994,2013,Japan
MITSUBISHI,PISTACHIO,12/1999 - 6/2000,1999,2000,Japan
MITSUBISHI,PROUDIA,2/2000 - 1/2017,2000,2017,Japan
MITSUBISHI,RVR,2/1991 - Now on Sale,1991,2024,Japan
MITSUBISHI,SIGMA,11/1990 - 8/1995,1990,1995,Japan
MITSUBISHI,STARION,4/1988 - 2/1990,1988,1990,Japan
MITSUBISHI,STRADA,5/1992 - 3/1999,1992,1999,Japan
MITSUBISHI,TOPPO,9/2008 - 9/2013,2008,2013,Japan
MITSUBISHI,TOPPO BJ,10/1998 - 8/2003,1998,2003,Japan
MITSUBISHI,TOPPO BJ WIDE,1/1999 - 6/2001,1999,2001,Japan
MITSUBISHI,TOWN BOX,4/1999 - Now on Sale,1999,2024,Japan
MITSUBISHI,TOWN BOX WIDE,6/1999 - 6/2001,1999,2001,Japan
MITSUBISHI,TRITON,9/2006 - 8/2011,2006,2011,Japan
SUBARU,ALCYONE,4/1989 - 9/1991,1989,1991,Japan
SUBARU,ALCYONE SVX,9/1991 - 9/1997,1991,1997,Japan
SUBARU,BIGHORN,11/1988 - 10/1992,1988,1992,Japan
SUBARU,BRZ,3/2012 - Now on Sale,2012,2024,Japan
SUBARU,CHIFFON,12/2016 - Now on Sale,2016,2024,Japan
SUBARU,CROSSTREK,9/2022 - Now on Sale,2022,2024,Japan
SUBARU,DEX,11/2008 - 11/2012,2008,2012,Japan
SUBARU,DIAS WAGON,10/1999 - 4/2020,1999,2020,Japan
SUBARU,DOMINGO,4/1989 - 1/1999,1989,1999,Japan
SUBARU,EXIGA,6/2008 - 3/2015,2008,2015,Japan
SUBARU,EXIGA CROSSOVER7,4/2015 - 3/2018,2015,2018,Japan
SUBARU,FORESTER,2/1997 - Now on Sale,1997,2024,Japan
SUBARU,IMPREZA,11/1992 - Now on Sale,1992,2024,Japan
SUBARU,IMPREZA ANESIS,10/2008 - 12/2011,2008,2011,Japan
SUBARU,IMPREZA G4,12/2011 - 4/2023,2011,2023,Japan
SUBARU,IMPREZA RETNA,1/1995 - 9/1996,1995,1996,Japan
SUBARU,IMPREZA SPORTS,12/2011 - 4/2023,2011,2023,Japan
SUBARU,IMPREZA SPORTS HYBRID,7/2015 - 10/2016,2015,2016,Japan
SUBARU,IMPREZA SPORTS WAGON,11/1992 - 6/2007,1992,2007,Japan
SUBARU,IMPREZA WRX,8/2000 - 11/2002,2000,2002,Japan
SUBARU,JUSTY,4/1989 - Now on Sale,1989,2024,Japan
SUBARU,LEGACY,2/1989 - 12/1998,1989,1998,Japan
SUBARU,LEGACY B4,12/1998 - 8/2020,1998,2020,Japan
SUBARU,LEGACY GRAND WAGON,8/1995 - 8/1997,1995,1997,Japan
SUBARU,LEGACY LANCASTER,8/1997 - 5/2003,1997,2003,Japan
SUBARU,LEGACY OUTBACK,10/2003 - Now on Sale,2003,2024,Japan
SUBARU,LEGACY TOURING WAGON,2/1989 - 10/2014,1989,2014,Japan
SUBARU,LEONE,11/1989 - 3/1991,1989,1991,Japan
SUBARU,LEVORG,6/2014 - Now on Sale,2014,2024,Japan
SUBARU,LUCRA,4/2010 - 5/2015,2010,2015,Japan
SUBARU,LUCRA CUSTOM,4/2010 - 5/2015,2010,2015,Japan
SUBARU,PLEO,10/1998 - 3/2018,1998,2018,Japan
SUBARU,PLEO CUSTOM,4/2010 - 2/2013,2010,2013,Japan
SUBARU,PLEO NESTA,6/1999 - 1/2004,1999,2004,Japan
SUBARU,PLEO PLUS,12/2012 - Now on Sale,2012,2024,Japan
SUBARU,R1,1/2005 - 3/2010,2005,2010,Japan
SUBARU,R2,12/2003 - 3/2010,2003,2010,Japan
SUBARU,REX,6/1989 - 3/1992,1989,1992,Japan
SUBARU,REX2,11/2022 - Now on Sale,2022,2024,Japan
SUBARU,SAMBAR DIAS,10/1992 - 11/2003,1992,2003,Japan
SUBARU,SAMBAR TRY,4/1989 - 10/1992,1989,1992,Japan
SUBARU,SOLTERRA,5/2022 - Now on Sale,2022,2024,Japan
SUBARU,STELLA,6/2006 - Now on Sale,2006,2024,Japan
SUBARU,TRAVIQ,8/2001 - 3/2005,2001,2005,Japan
SUBARU,TREZIA,11/2010 - 3/2016,2010,2016,Japan
SUBARU,VIVIO,3/1992 - 11/1998,1992,1998,Japan
SUBARU,VIVIO BISTRO,11/1995 - 11/1998,1995,1998,Japan
SUBARU,WRX S4,8/2014 - Now on Sale,2014,2024,Japan
SUBARU,WRX STI,8/2014 - 4/2020,2014,2020,Japan
SUBARU,XV,6/2010 - 4/2023,2010,2023,Japan
SUBARU,XV HYBRID,6/2013 - 4/2017,2013,2017,Japan
DAIHATSU,ALTIS,3/2000 - Now on Sale,2000,2024,Japan
DAIHATSU,APPLAUSE,7/1989 - 3/2000,1989,2000,Japan
DAIHATSU,APPLAUSE THETA,10/1990 - 7/1992,1990,1992,Japan
DAIHATSU,ATRAI,9/1989 - Now on Sale,1989,2024,Japan
DAIHATSU,ATRAI 7,7/2000 - 12/2004,2000,2004,Japan
DAIHATSU,ATRAI WAGON,6/1999 - 12/2021,1999,2021,Japan
DAIHATSU,BEGO,1/2006 - 3/2016,2006,2016,Japan
DAIHATSU,BOON,6/2004 - Now on Sale,2004,2024,Japan
DAIHATSU,BOON LUMINAS,12/2008 - 3/2012,2008,2012,Japan
DAIHATSU,CAST,9/2015 - 6/2023,2015,2023,Japan
DAIHATSU,CHARADE,4/1989 - 9/1999,1989,1999,Japan
DAIHATSU,CHARADE DeTOMASO,8/1993 - 7/1998,1993,1998,Japan
DAIHATSU,CHARADE SOCIAL,4/1989 - 9/1999,1989,1999,Japan
DAIHATSU,COO,5/2006 - 1/2013,2006,2013,Japan
DAIHATSU,COPEN,6/2002 - Now on Sale,2002,2024,Japan
DAIHATSU,DELTA WAGON,11/1996 - 11/2001,1996,2001,Japan
DAIHATSU,DELTA WIDE WAGON,8/1989 - 11/1996,1989,1996,Japan
DAIHATSU,ESSE,12/2005 - 9/2011,2005,2011,Japan
DAIHATSU,LEEZA,1/1989 - 8/1993,1989,1993,Japan
DAIHATSU,MAX,11/2001 - 12/2005,2001,2005,Japan
DAIHATSU,MEBIUS,4/2013 - 2/2021,2013,2021,Japan
DAIHATSU,MIDGETII,4/1996 - 10/2001,1996,2001,Japan
DAIHATSU,MIRA,1/1989 - 3/2018,1989,2018,Japan
DAIHATSU,MIRA AVY,12/2002 - 12/2006,2002,2006,Japan
DAIHATSU,MIRA COCOA,8/2009 - 3/2018,2009,2018,Japan
DAIHATSU,MIRA CUSTOM,12/2006 - 2/2013,2006,2013,Japan
DAIHATSU,MIRA ES,9/2011 - Now on Sale,2011,2024,Japan
DAIHATSU,MIRA GINO,3/1999 - 4/2009,1999,2009,Japan
DAIHATSU,MIRA GINO 1000,8/2002 - 11/2004,2002,2004,Japan
DAIHATSU,MIRA MODERNO,1/1993 - 10/1998,1993,1998,Japan
DAIHATSU,MIRA TOCOT,6/2018 - Now on Sale,2018,2024,Japan
DAIHATSU,MIRA TRXX,3/1990 - 10/1998,1990,1998,Japan
DAIHATSU,MOVE,8/1995 - 7/2023,1995,2023,Japan
DAIHATSU,MOVE CANBUS,9/2016 - Now on Sale,2016,2024,Japan
DAIHATSU,MOVE CONTE,8/2008 - 3/2017,2008,2017,Japan
DAIHATSU,MOVE LATTE,8/2004 - 4/2009,2004,2009,Japan
DAIHATSU,NAKED,11/1999 - 4/2004,1999,2004,Japan
DAIHATSU,OPTI,1/1992 - 7/2002,1992,2002,Japan
DAIHATSU,PYZAR,8/1996 - 7/2002,1996,2002,Japan
DAIHATSU,ROCKY,6/1990 - Now on Sale,1990,2024,Japan
DAIHATSU,RUGGER,4/1989 - 4/1997,1989,1997,Japan
DAIHATSU,SONICA,6/2006 - 5/2009,2006,2009,Japan
DAIHATSU,STORIA,2/1998 - 6/2004,1998,2004,Japan
DAIHATSU,TAFT,6/2020 - Now on Sale,2020,2024,Japan
DAIHATSU,TANTO,11/2003 - Now on Sale,2003,2024,Japan
DAIHATSU,TANTO EXE,12/2009 - 10/2014,2009,2014,Japan
DAIHATSU,TERIOS,4/1997 - 11/2005,1997,2005,Japan
DAIHATSU,TERIOS KID,10/1998 - 5/2012,1998,2012,Japan
DAIHATSU,TERIOS LUCIA,1/2002 - 8/2003,2002,2003,Japan
DAIHATSU,THOR,11/2016 - Now on Sale,2016,2024,Japan
DAIHATSU,WAKE,11/2014 - 8/2022,2014,2022,Japan
DAIHATSU,YRV,8/2000 - 8/2005,2000,2005,Japan
SUZUKI,AERIO,1/2001 - 6/2006,2001,2006,Japan
SUZUKI,AERIO SEDAN,11/2001 - 7/2007,2001,2007,Japan
SUZUKI,ALTO,9/1988 - Now on Sale,1988,2024,Japan
SUZUKI,ALTO C,10/1999 - 12/2000,1999,2000,Japan
SUZUKI,ALTO C2,2/2001 - 1/2002,2001,2002,Japan
SUZUKI,ALTO ECO,12/2011 - 12/2014,2011,2014,Japan
SUZUKI,ALTO HUSTLE,11/1991 - 10/1993,1991,1993,Japan
SUZUKI,ALTO LAPIN,1/2002 - Now on Sale,2002,2024,Japan
SUZUKI,ALTO LAPIN CHOCOLAT,6/2013 - 6/2015,2013,2015,Japan
SUZUKI,ALTO LAPIN LC,6/2022 - Now on Sale,2022,2024,Japan
SUZUKI,ALTO TURBO RS,3/2015 - 11/2018,2015,2018,Japan
SUZUKI,ALTO WORKS,9/1988 - 12/2021,1988,2021,Japan
SUZUKI,BALENO,3/2016 - 7/2020,2016,2020,Japan
SUZUKI,CAPPUCCINO,11/1991 - 10/1998,1991,1998,Japan
SUZUKI,CARA,1/1993 - 12/1995,1993,1995,Japan
SUZUKI,CERVO,11/2006 - 12/2009,2006,2009,Japan
SUZUKI,CERVO CLASSIC,8/1996 - 10/1998,1996,1998,Japan
SUZUKI,CERVO MODE,7/1990 - 10/1998,1990,1998,Japan
SUZUKI,CULTUS,7/1989 - 11/2001,1989,2001,Japan
SUZUKI,CULTUS CRESCENT,1/1995 - 5/1998,1995,1998,Japan
SUZUKI,CULTUS CRESCENT WAGON,2/1996 - 5/1998,1996,1998,Japan
SUZUKI,CULTUS ESTEEM,6/1989 - 1/1995,1989,1995,Japan
SUZUKI,CULTUS WAGON,5/1998 - 8/2002,1998,2002,Japan
SUZUKI,ESCUDO,5/1988 - Now on Sale,1988,2024,Japan
SUZUKI,EVERY,11/1987 - Now on Sale,1987,2024,Japan
SUZUKI,EVERY LANDY,5/2001 - 6/2005,2001,2005,Japan
SUZUKI,EVERY PLUS,6/1999 - 5/2001,1999,2001,Japan
SUZUKI,EVERY WAGON,6/1999 - Now on Sale,1999,2024,Japan
SUZUKI,GRAND ESCUDO,12/2000 - 5/2005,2000,2005,Japan
SUZUKI,HUSTLER,1/2014 - Now on Sale,2014,2024,Japan
SUZUKI,IGNIS,2/2016 - Now on Sale,2016,2024,Japan
SUZUKI,JIMNY,3/1990 - Now on Sale,1990,2024,Japan
SUZUKI,JIMNY L,3/2000 - 2/2001,2000,2001,Japan
SUZUKI,JIMNY SIERRA,5/1993 - Now on Sale,1993,2024,Japan
SUZUKI,JIMNY WIDE,1/1998 - 1/2002,1998,2002,Japan
SUZUKI,KEI,10/1998 - 10/2009,1998,2009,Japan
SUZUKI,KEI SPORT,10/2000 - 9/2003,2000,2003,Japan
SUZUKI,KEI WORKS,11/2002 - 10/2009,2002,2009,Japan
SUZUKI,KIZASHI,10/2009 - 11/2015,2009,2015,Japan
SUZUKI,LANDY,1/2007 - Now on Sale,2007,2024,Japan
SUZUKI,MR WAGON,12/2001 - 3/2016,2001,2016,Japan
SUZUKI,MR WAGON WIT,7/2013 - 3/2016,2013,2016,Japan
SUZUKI,PALETTE,1/2008 - 2/2013,2008,2013,Japan
SUZUKI,PALETTE SW,9/2009 - 2/2013,2009,2013,Japan
SUZUKI,SOLIO,4/2004 - Now on Sale,2004,2024,Japan
SUZUKI,SOLIO BANDIT,6/2012 - Now on Sale,2012,2024,Japan
SUZUKI,SPACIA,3/2013 - Now on Sale,2013,2024,Japan
SUZUKI,SPACIA CUSTOM,6/2013 - Now on Sale,2013,2024,Japan
SUZUKI,SPACIA CUSTOM Z,12/2016 - 12/2017,2016,2017,Japan
SUZUKI,SPACIA GEAR,12/2018 - Now on Sale,2018,2024,Japan
SUZUKI,SPLASH,10/2008 - 8/2014,2008,2014,Japan
SUZUKI,SWIFT,2/2000 - Now on Sale,2000,2024,Japan
SUZUKI,SWIFT SPORT,12/2011 - Now on Sale,2011,2024,Japan
SUZUKI,SX4,7/2006 - 11/2014,2006,2014,Japan
SUZUKI,SX4 SEDAN,7/2007 - 11/2014,2007,2014,Japan
SUZUKI,SX4 S CROSS,2/2015 - 11/2020,2015,2020,Japan
SUZUKI,TWIN,1/2003 - 8/2005,2003,2005,Japan
SUZUKI,WAGON R,9/1993 - Now on Sale,1993,2024,Japan
SUZUKI,WAGON R CUSTOM Z,8/2022 - Now on Sale,2022,2024,Japan
SUZUKI,WAGON R PLUS,5/1999 - 12/2000,1999,2000,Japan
SUZUKI,WAGON R RR,10/1998 - 9/2008,1998,2008,Japan
SUZUKI,WAGON R SMILE,9/2021 - Now on Sale,2021,2024,Japan
SUZUKI,WAGON R SOLIO,12/2000 - 4/2004,2000,2004,Japan
SUZUKI,WAGON R STINGRAY,9/2008 - Now on Sale,2008,2024,Japan
SUZUKI,WAGON R WIDE,2/1997 - 5/1999,1997,1999,Japan
SUZUKI,X90,10/1995 - 12/1997,1995,1997,Japan
SUZUKI,XBEE,12/2017 - Now on Sale,2017,2024,Japan
ISUZU,ASKA,6/1990 - 3/2002,1990,2002,Japan
ISUZU,BIGHORN,12/1988 - 12/2002,1988,2002,Japan
ISUZU,COMO WAGON,12/2001 - 8/2010,2001,2010,Japan
ISUZU,FARGO FILLY,7/1997 - 9/1999,1997,1999,Japan
ISUZU,FARGO WAGON,1/1990 - 6/1999,1990,1999,Japan
ISUZU,FILLY,9/1999 - 5/2002,1999,2002,Japan
ISUZU,GEMINI,3/1990 - 6/2000,1990,2000,Japan
ISUZU,MU,8/1990 - 5/2002,1990,2002,Japan
ISUZU,MU WIZARD,12/1995 - 6/1998,1995,1998,Japan
ISUZU,PIAZZA,12/1989 - 12/1993,1989,1993,Japan
ISUZU,PIAZZA NERO,9/1991 - 12/1993,1991,1993,Japan
ISUZU,VEHICROSS,4/1997 - 3/1999,1997,1999,Japan
ISUZU,WIZARD,6/1998 - 12/2002,1998,2002,Japan
ISUZU,WIZARD ALIVE,6/2000 - 12/2002,2000,2002,Japan
MITSUOKA,BUDDY,11/2020 - Now on Sale,2020,2024,Japan
MITSUOKA,GALUE,2/1996 - 5/2020,1996,2020,Japan
MITSUOKA,GALUE204,2/2008 - 5/2012,2008,2012,Japan
MITSUOKA,GALUE CLASSIC,3/2010 - 5/2012,2010,2012,Japan
MITSUOKA,GALUE CONVERTIBLE,4/2007 - 9/2012,2007,2012,Japan
MITSUOKA,GALUE I,12/1999 - 10/2002,1999,2002,Japan
MITSUOKA,GALUE II,12/1999 - 2/2005,1999,2005,Japan
MITSUOKA,GALUE III,2/2008 - 7/2010,2008,2010,Japan
MITSUOKA,GALUE LIMOUSINE S50,10/2008 - 7/2010,2008,2010,Japan
MITSUOKA,HIMIKO,12/2008 - 7/2023,2008,2023,Japan
MITSUOKA,LE SEYDE,11/2000 - 2/2006,2000,2006,Japan
MITSUOKA,LIKE,5/2010 - 7/2012,2010,2012,Japan
MITSUOKA,MC1,7/1998 - 1/2007,1998,2007,Japan
MITSUOKA,NOUERA,4/2004 - 3/2008,2004,2008,Japan
MITSUOKA,NOUERA 602 SEDAN,7/2008 - 5/2012,2008,2012,Japan
MITSUOKA,NOUERA 602 WAGON,7/2008 - 5/2012,2008,2012,Japan
MITSUOKA,OROCHI,10/2006 - 11/2018,2006,2018,Japan
MITSUOKA,RAY,12/1996 - 9/2004,1996,2004,Japan
MITSUOKA,ROCK STAR,12/2018 - 3/2019,2018,2019,Japan
MITSUOKA,RYOGA,2/1998 - 2/2005,1998,2005,Japan
MITSUOKA,RYUGI,6/2014 - Now on Sale,2014,2024,Japan
MITSUOKA,RYUGI WAGON,1/2016 - Now on Sale,2016,2024,Japan
MITSUOKA,VIEWT,1/1993 - Now on Sale,1993,2024,Japan
MITSUOKA,YUGA,3/2000 - 7/2002,2000,2002,Japan
MITSUOKA,ZERO1,5/1996 - 1/2000,1996,2000,Japan
AUDI,100,10/1989 - 11/1994,1989,1994,Germany
AUDI,100 AVANT,10/1989 - 11/1994,1989,1994,Germany
AUDI,200,10/1990 - 7/1992,1990,1992,Germany
AUDI,80,10/1989 - 10/1995,1989,1995,Germany
AUDI,80 AVANT,10/1993 - 10/1995,1993,1995,Germany
AUDI,90,10/1989 - 11/1992,1989,1992,Germany
AUDI,A1,1/2011 - 9/2019,2011,2019,Germany
AUDI,A1 SPORTBACK,6/2012 - Now on Sale,2012,2024,Germany
AUDI,A3,1/1997 - Now on Sale,1997,2024,Germany
AUDI,A3 SEDAN,1/2014 - Now on Sale,2014,2024,Germany
AUDI,A3 SPORTBACK ETRON,11/2015 - 6/2018,2015,2018,Germany
AUDI,A4,10/1995 - Now on Sale,1995,2024,Germany
AUDI,A4 ALLROAD QUATTRO,11/2010 - Now on Sale,2010,2024,Germany
AUDI,A4 AVANT,10/1996 - Now on Sale,1996,2024,Germany
AUDI,A4 CABRIOLET,9/2002 - 4/2006,2002,2006,Germany
AUDI,A5,2/2008 - Now on Sale,2008,2024,Germany
AUDI,A5 CABRIOLET,8/2009 - 5/2019,2009,2019,Germany
AUDI,A5 SPORTBACK,1/2010 - Now on Sale,2010,2024,Germany
AUDI,A6,11/1994 - Now on Sale,1994,2024,Germany
AUDI,A6 ALLROAD QUATTRO,9/2006 - 3/2019,2006,2019,Germany
AUDI,A6 AVANT,11/1994 - Now on Sale,1994,2024,Germany
AUDI,A6 HYBRID,9/2012 - 5/2015,2012,2015,Germany
AUDI,A7 SPORTBACK,5/2011 - Now on Sale,2011,2024,Germany
AUDI,A8,5/1995 - Now on Sale,1995,2024,Germany
AUDI,A8 HYBRID,2/2013 - 2/2015,2013,2015,Germany
AUDI,ALLROAD QUATTRO,2/2001 - 9/2006,2001,2006,Germany
AUDI,CABRIOLET,10/1993 - 10/1996,1993,1996,Germany
AUDI,COUPE,10/1991 - 10/1993,1991,1993,Germany
AUDI,ETRON,1/2021 - Now on Sale,2021,2024,Germany
AUDI,ETRON GT QUATTRO,10/2021 - Now on Sale,2021,2024,Germany
AUDI,ETRON S,4/2022 - Now on Sale,2022,2024,Germany
AUDI,ETRON SPORTBACK,9/2020 - Now on Sale,2020,2024,Germany
AUDI,ETRON S SPORTBACK,4/2022 - Now on Sale,2022,2024,Germany
AUDI,Q2,4/2017 - Now on Sale,2017,2024,Germany
AUDI,Q3,5/2012 - Now on Sale,2012,2024,Germany
AUDI,Q3 SPORTBACK,8/2020 - Now on Sale,2020,2024,Germany
AUDI,Q4 ETRON,1/2022 - Now on Sale,2022,2024,Germany
AUDI,Q4 SPORTBACK ETRON,1/2022 - Now on Sale,2022,2024,Germany
AUDI,Q5,6/2009 - Now on Sale,2009,2024,Germany
AUDI,Q5 HYBRID,2/2013 - 6/2015,2013,2015,Germany
AUDI,Q5 SPORTBACK,8/2021 - Now on Sale,2021,2024,Germany
AUDI,Q7,10/2006 - Now on Sale,2006,2024,Germany
AUDI,Q8,9/2019 - Now on Sale,2019,2024,Germany
AUDI,Q8 ETRON,3/2023 - Now on Sale,2023,2024,Germany
AUDI,Q8 SPORTBACK ETRON,3/2023 - Now on Sale,2023,2024,Germany
AUDI,R8,7/2007 - Now on Sale,2007,2024,Germany
AUDI,R8 SPYDER,10/2010 - Now on Sale,2010,2024,Germany
AUDI,RS3,3/2017 - Now on Sale,2017,2024,Germany
AUDI,RS3 SPORTBACK,10/2015 - Now on Sale,2015,2024,Germany
AUDI,RS4,6/2006 - 7/2009,2006,2009,Germany
AUDI,RS4 AVANT,6/2006 - Now on Sale,2006,2024,Germany
AUDI,RS5,9/2010 - Now on Sale,2010,2024,Germany
AUDI,RS5 CABRIOLET,10/2013 - 11/2018,2013,2018,Germany
AUDI,RS5 SPORTBACK,8/2019 - Now on Sale,2019,2024,Germany
AUDI,RS6,2/2003 - 8/2010,2003,2010,Germany
AUDI,RS6 AVANT,6/2008 - Now on Sale,2008,2024,Germany
AUDI,RS6 AVANT PERFORMANCE,8/2016 - 3/2019,2016,2019,Germany
AUDI,RS7 SPORTBACK,1/2014 - Now on Sale,2014,2024,Germany
AUDI,RS7 SPORTBACK PERFORMANCE,8/2016 - 5/2019,2016,2019,Germany
AUDI,RS ETRON GT,10/2021 - Now on Sale,2021,2024,Germany
AUDI,RS Q3,3/2014 - Now on Sale,2014,2024,Germany
AUDI,RS Q3 PERFORMANCE,8/2016 - 5/2019,2016,2019,Germany
AUDI,RS Q3 SPORTBACK,12/2020 - Now on Sale,2020,2024,Germany
AUDI,RS Q8,2/2021 - Now on Sale,2021,2024,Germany
AUDI,S1,11/2014 - 1/2018,2014,2018,Germany
AUDI,S1 SPORTBACK,11/2014 - 1/2018,2014,2018,Germany
AUDI,S3,1/2001 - Now on Sale,2001,2024,Germany
AUDI,S3 SEDAN,1/2014 - Now on Sale,2014,2024,Germany
AUDI,S4,6/1999 - Now on Sale,1999,2024,Germany
AUDI,S4 AVANT,10/1999 - Now on Sale,1999,2024,Germany
AUDI,S5,2/2008 - Now on Sale,2008,2024,Germany
AUDI,S5 CABRIOLET,9/2010 - 5/2019,2010,2019,Germany
AUDI,S5 SPORTBACK,1/2012 - Now on Sale,2012,2024,Germany
AUDI,S6,11/1994 - Now on Sale,1994,2024,Germany
AUDI,S6AVANT,6/2006 - Now on Sale,2006,2024,Germany
AUDI,S7 SPORTBACK,8/2012 - Now on Sale,2012,2024,Germany
AUDI,S8,1/2001 - Now on Sale,2001,2024,Germany
AUDI,S8 PLUS,4/2016 - 1/2019,2016,2019,Germany
AUDI,SQ2,12/2019 - Now on Sale,2019,2024,Germany
AUDI,SQ5,10/2013 - Now on Sale,2013,2024,Germany
AUDI,SQ5 SPORTBACK,8/2021 - Now on Sale,2021,2024,Germany
AUDI,SQ7,7/2023 - Now on Sale,2023,2024,Germany
AUDI,SQ8,7/2023 - Now on Sale,2023,2024,Germany
AUDI,TTS COUPE,9/2008 - Now on Sale,2008,2024,Germany
AUDI,TT COUPE,10/1999 - Now on Sale,1999,2024,Germany
AUDI,TT ROADSTER,5/2000 - 12/2020,2000,2020,Germany
AUDI,TT RS COUPE,2/2010 - 9/2022,2010,2022,Germany
AUDI,TT RS PLUS COUPE,2/2013 - 10/2015,2013,2015,Germany
AUDI,TT RS ROADSTER,3/2017 - 4/2019,2017,2019,Germany
AUDI,V8,10/1989 - 10/1993,1989,1993,Germany
BMW,1 SERIES,10/2004 - Now on Sale,2004,2024,Germany
BMW,2 SERIES,2/2014 - Now on Sale,2014,2024,Germany
BMW,3 SERIES,1/1989 - Now on Sale,1989,2024,Germany
BMW,4 SERIES,9/2013 - Now on Sale,2013,2024,Germany
BMW,5 SERIES,8/1988 - Now on Sale,1988,2024,Germany
BMW,6 SERIES,1/1989 - 3/2021,1989,2021,Germany
BMW,7 SERIES,11/1987 - Now on Sale,1987,2024,Germany
BMW,8 SERIES,3/1990 - Now on Sale,1990,2024,Germany
BMW,M2,1/2016 - Now on Sale,2016,2024,Germany
BMW,M3,1/1989 - Now on Sale,1989,2024,Germany
BMW,M4,7/2014 - Now on Sale,2014,2024,Germany
BMW,M5,6/1991 - Now on Sale,1991,2024,Germany
BMW,M6,1/1989 - 7/2019,1989,2019,Germany
BMW,M8,12/2019 - Now on Sale,2019,2024,Germany
BMW,M COUPE,10/1998 - 1/2003,1998,2003,Germany
BMW,M ROADSTER,10/1998 - 1/2003,1998,2003,Germany
BMW,X1,4/2010 - Now on Sale,2010,2024,Germany
BMW,X2,4/2018 - Now on Sale,2018,2024,Germany
BMW,X3,7/2004 - Now on Sale,2004,2024,Germany
BMW,X3 M,6/2019 - Now on Sale,2019,2024,Germany
BMW,X4,8/2014 - Now on Sale,2014,2024,Germany
BMW,X4 M,6/2019 - Now on Sale,2019,2024,Germany
BMW,X5,10/2000 - Now on Sale,2000,2024,Germany
BMW,X5 M,7/2009 - Now on Sale,2009,2024,Germany
BMW,X6,6/2008 - Now on Sale,2008,2024,Germany
BMW,X6 M,7/2009 - Now on Sale,2009,2024,Germany
BMW,X7,6/2019 - Now on Sale,2019,2024,Germany
BMW,XM,1/2023 - Now on Sale,2023,2024,Germany
BMW,Z3 COUPE,10/1998 - 1/2003,1998,2003,Germany
BMW,Z3 ROADSTER,8/1996 - 1/2003,1996,2003,Germany
BMW,Z4,1/2003 - Now on Sale,2003,2024,Germany
BMW,Z8,5/2000 - 10/2003,2000,2003,Germany
BMW,i3,4/2014 - 8/2022,2014,2022,Germany
BMW,i4,2/2022 - Now on Sale,2022,2024,Germany
BMW,i5,5/2023 - Now on Sale,2023,2024,Germany
BMW,i7,4/2022 - Now on Sale,2022,2024,Germany
BMW,i8,8/2014 - 6/2021,2014,2021,Germany
BMW,iX,11/2021 - Now on Sale,2021,2024,Germany
BMW,iX1,2/2023 - Now on Sale,2023,2024,Germany
BMW,iX3,11/2021 - Now on Sale,2021,2024,Germany
BMW ALPINA,B10,10/1995 - 8/2003,1995,2003,Germany
BMW ALPINA,B12,10/1995 - 3/2002,1995,2002,Germany
BMW ALPINA,B3,10/1995 - Now on Sale,1995,2024,Germany
BMW ALPINA,B4,4/2014 - Now on Sale,2014,2024,Germany
BMW ALPINA,B5,3/2005 - Now on Sale,2005,2024,Germany
BMW ALPINA,B6,1/1997 - 6/2019,1997,2019,Germany
BMW ALPINA,B7,10/2003 - 8/2022,2003,2022,Germany
BMW ALPINA,B8,10/1995 - Now on Sale,1995,2024,Germany
BMW ALPINA,D3,4/2009 - Now on Sale,2009,2024,Germany
BMW ALPINA,D4,11/2014 - Now on Sale,2014,2024,Germany
BMW ALPINA,D5,7/2012 - Now on Sale,2012,2024,Germany
BMW ALPINA,ROADSTER S,4/2004 - 9/2006,2004,2006,Germany
BMW ALPINA,ROADSTER V8,4/2004 - 8/2005,2004,2005,Germany
BMW ALPINA,XB7,5/2020 - Now on Sale,2020,2024,Germany
BMW ALPINA,XD3,11/2014 - Now on Sale,2014,2024,Germany
BMW ALPINA,XD4,10/2019 - Now on Sale,2019,2024,Germany
MERCEDES BENZ,190 CLASS,3/1990 - 10/1993,1990,1993,Germany
MERCEDES BENZ,ACLASS,9/1998 - Now on Sale,1998,2024,Germany
MERCEDES BENZ,ACLASS SEDAN,7/2019 - Now on Sale,2019,2024,Germany
MERCEDES BENZ,BCLASS,1/2006 - Now on Sale,2006,2024,Germany
MERCEDES BENZ,CCLASS,10/1993 - Now on Sale,1993,2024,Germany
MERCEDES BENZ,CCLASS ALL TERRAIN,1/2022 - Now on Sale,2022,2024,Germany
MERCEDES BENZ,CCLASS STATIONWAGON,12/1996 - Now on Sale,1996,2024,Germany
MERCEDES BENZ,CL,8/1996 - 3/2015,1996,2015,Germany
MERCEDES BENZ,CLACLASS,7/2013 - Now on Sale,2013,2024,Germany
MERCEDES BENZ,CLACLASS SHOOTING BRAKE,6/2015 - Now on Sale,2015,2024,Germany
MERCEDES BENZ,CLK,9/1997 - 7/2009,1997,2009,Germany
MERCEDES BENZ,CLSCLASS,2/2005 - Now on Sale,2005,2024,Germany
MERCEDES BENZ,CLSCLASS SHOOTING BRAKE,10/2012 - 6/2018,2012,2018,Germany
MERCEDES BENZ,C CLASS SPORTS COUPE,6/2001 - 10/2008,2001,2008,Germany
MERCEDES BENZ,ECLASS,10/1993 - Now on Sale,1993,2024,Germany
MERCEDES BENZ,ECLASS ALL TEEEAIN,9/2017 - Now on Sale,2017,2024,Germany
MERCEDES BENZ,ECLASS STATIONWAGON,10/1993 - Now on Sale,1993,2024,Germany
MERCEDES BENZ,EQA,4/2021 - Now on Sale,2021,2024,Germany
MERCEDES BENZ,EQB,7/2022 - Now on Sale,2022,2024,Germany
MERCEDES BENZ,EQC,10/2019 - Now on Sale,2019,2024,Germany
MERCEDES BENZ,EQE,9/2022 - Now on Sale,2022,2024,Germany
MERCEDES BENZ,EQE SUV,8/2023 - Now on Sale,2023,2024,Germany
MERCEDES BENZ,EQS,9/2022 - Now on Sale,2022,2024,Germany
MERCEDES BENZ,EQS SUV,5/2023 - Now on Sale,2023,2024,Germany
MERCEDES BENZ,GCLASS,12/1994 - Now on Sale,1994,2024,Germany
MERCEDES BENZ,GELANDEWAGEN,10/1989 - 10/1992,1989,1992,Germany
MERCEDES BENZ,GLACLASS,5/2014 - Now on Sale,2014,2024,Germany
MERCEDES BENZ,GLB,6/2020 - Now on Sale,2020,2024,Germany
MERCEDES BENZ,GLCCLASS,2/2016 - Now on Sale,2016,2024,Germany
MERCEDES BENZ,GLCLASS,10/2006 - 4/2016,2006,2016,Germany
MERCEDES BENZ,GLE,10/2015 - Now on Sale,2015,2024,Germany
MERCEDES BENZ,GLKCLASS,10/2008 - 2/2016,2008,2016,Germany
MERCEDES BENZ,GLS,4/2016 - Now on Sale,2016,2024,Germany
MERCEDES BENZ,MCLASS,8/1998 - 10/2015,1998,2015,Germany
MERCEDES BENZ,MEDIUM CLASS,12/1986 - 10/1993,1986,1993,Germany
MERCEDES BENZ,RCLASS,3/2006 - 4/2014,2006,2014,Germany
MERCEDES BENZ,SCLASS,10/1989 - Now on Sale,1989,2024,Germany
MERCEDES BENZ,SL,10/1989 - 5/2021,1989,2021,Germany
MERCEDES BENZ,SLC,6/2016 - 9/2021,2016,2021,Germany
MERCEDES BENZ,SLK,2/1997 - 6/2016,1997,2016,Germany
MERCEDES BENZ,SLR MCLAREN,10/2004 - 1/2012,2004,2012,Germany
MERCEDES BENZ,SLS AMG,6/2010 - 3/2015,2010,2015,Germany
MERCEDES BENZ,TRANSPORTER T1N,2/2002 - 3/2006,2002,2006,Germany
MERCEDES BENZ,VANEO,10/2003 - 11/2007,2003,2007,Germany
MERCEDES BENZ,VCLASS,6/1998 - Now on Sale,1998,2024,Germany
MERCEDES BENZ,VIANO,10/2003 - 11/2006,2003,2006,Germany
MERCEDES BENZ,V STRAHL,1/1998 - 9/1999,1998,1999,Germany
AMG,190 SERIES,4/1989 - 10/1993,1989,1993,Germany
AMG,CCLASS,10/1993 - 11/2000,1993,2000,Germany
AMG,CLK,10/1998 - 4/2001,1998,2001,Germany
AMG,ECLASS,10/1993 - 4/2001,1993,2001,Germany
AMG,GCLASS,11/1995 - 9/2001,1995,2001,Germany
AMG,MCLASS,6/2000 - 4/2001,2000,2001,Germany
AMG,MEDIUM CLASS,4/1989 - 10/1993,1989,1993,Germany
AMG,SCLASS,4/1989 - 4/2001,1989,2001,Germany
AMG,SL,10/1993 - 2/2001,1993,2001,Germany
AMG,SLK,4/1997 - 11/2000,1997,2000,Germany
MERCEDES AMG,ACLASS,5/2015 - Now on Sale,2015,2024,Germany
MERCEDES AMG,ACLASS SEDAN,10/2019 - Now on Sale,2019,2024,Germany
MERCEDES AMG,CCLASS,5/2015 - Now on Sale,2015,2024,Germany
MERCEDES AMG,CCLASS STATIONWAGON,5/2015 - Now on Sale,2015,2024,Germany
MERCEDES AMG,CLACLASS,5/2015 - Now on Sale,2015,2024,Germany
MERCEDES AMG,CLACLASS SHOOTING BRAKE,6/2015 - Now on Sale,2015,2024,Germany
MERCEDES AMG,CLSCLASS,5/2015 - Now on Sale,2015,2024,Germany
MERCEDES AMG,CLSCLASS SHOOTING BRAKE,5/2015 - 6/2018,2015,2018,Germany
MERCEDES AMG,ECLASS,5/2015 - Now on Sale,2015,2024,Germany
MERCEDES AMG,ECLASS STATIONWAGON,5/2015 - Now on Sale,2015,2024,Germany
MERCEDES AMG,EQE,9/2022 - Now on Sale,2022,2024,Germany
MERCEDES AMG,EQS,9/2022 - Now on Sale,2022,2024,Germany
MERCEDES AMG,GCLASS,5/2015 - Now on Sale,2015,2024,Germany
MERCEDES AMG,GLACLASS,5/2015 - Now on Sale,2015,2024,Germany
MERCEDES AMG,GLB,1/2021 - Now on Sale,2021,2024,Germany
MERCEDES AMG,GLC,9/2016 - Now on Sale,2016,2024,Germany
MERCEDES AMG,GLCLASS,5/2015 - 4/2016,2015,2016,Germany
MERCEDES AMG,GLE,10/2015 - Now on Sale,2015,2024,Germany
MERCEDES AMG,GLS,4/2016 - Now on Sale,2016,2024,Germany
MERCEDES AMG,GT,5/2015 - 5/2023,2015,2023,Germany
MERCEDES AMG,GT 4 DOOR COUPE,2/2019 - Now on Sale,2019,2024,Germany
MERCEDES AMG,SCLASS,5/2015 - 10/2021,2015,2021,Germany
MERCEDES AMG,SL,5/2015 - Now on Sale,2015,2024,Germany
MERCEDES AMG,SLC,6/2016 - 9/2021,2016,2021,Germany
VOLKSWAGEN,ARTEON,10/2017 - Now on Sale,2017,2024,Germany
VOLKSWAGEN,ARTEON SHOOTING BRAKE,7/2021 - Now on Sale,2021,2024,Germany
VOLKSWAGEN,BORA,9/1999 - 2/2006,1999,2006,Germany
VOLKSWAGEN,CORRADO,7/1990 - 10/1995,1990,1995,Germany
VOLKSWAGEN,CROSS GOLF,12/2007 - 8/2009,2007,2009,Germany
VOLKSWAGEN,EGOLF,10/2017 - 8/2020,2017,2020,Germany
VOLKSWAGEN,EOS,10/2006 - 6/2010,2006,2010,Germany
VOLKSWAGEN,EUP,2/2015 - 1/2016,2015,2016,Germany
VOLKSWAGEN,GOLF,10/1989 - Now on Sale,1989,2024,Germany
VOLKSWAGEN,GOLF ALLTRACK,7/2015 - 3/2021,2015,2021,Germany
VOLKSWAGEN,GOLF CABRIO,10/1990 - 8/1998,1990,1998,Germany
VOLKSWAGEN,GOLF CABRIOLET,2/1999 - 3/2014,1999,2014,Germany
VOLKSWAGEN,GOLF GTE,9/2015 - 11/2020,2015,2020,Germany
VOLKSWAGEN,GOLF GTI,9/2013 - Now on Sale,2013,2024,Germany
VOLKSWAGEN,GOLF PLUS,11/2005 - 6/2008,2005,2008,Germany
VOLKSWAGEN,GOLF R,2/2014 - Now on Sale,2014,2024,Germany
VOLKSWAGEN,GOLF R VARIANT,5/2015 - Now on Sale,2015,2024,Germany
VOLKSWAGEN,GOLF TOURAN,4/2004 - Now on Sale,2004,2024,Germany
VOLKSWAGEN,GOLF VARIANT,9/2007 - Now on Sale,2007,2024,Germany
VOLKSWAGEN,GOLF WAGON,6/1995 - 10/2006,1995,2006,Germany
VOLKSWAGEN,ID4,11/2022 - Now on Sale,2022,2024,Germany
VOLKSWAGEN,JETTA,10/1989 - 2/2011,1989,2011,Germany
VOLKSWAGEN,LUPO,7/2001 - 4/2006,2001,2006,Germany
VOLKSWAGEN,NEW BEETLE,9/1999 - 11/2010,1999,2010,Germany
VOLKSWAGEN,NEW BEETLE CABRIOLET,6/2003 - 3/2010,2003,2010,Germany
VOLKSWAGEN,PASSAT,5/1990 - Now on Sale,1990,2024,Germany
VOLKSWAGEN,PASSAT ALLTRACK,6/2012 - Now on Sale,2012,2024,Germany
VOLKSWAGEN,PASSAT CC,11/2008 - 7/2012,2008,2012,Germany
VOLKSWAGEN,PASSAT GTE,6/2016 - 7/2019,2016,2019,Germany
VOLKSWAGEN,PASSAT GTE VARIANT,6/2016 - 5/2023,2016,2023,Germany
VOLKSWAGEN,PASSAT VARIANT 1,10/1990 - 8/1997,1990,1997,Germany
VOLKSWAGEN,PASSAT VARIANT 2,4/2006 - Now on Sale,2006,2024,Germany
VOLKSWAGEN,PASSAT WAGON,4/1998 - 4/2006,1998,2006,Germany
VOLKSWAGEN,POLO,6/1988 - Now on Sale,1988,2024,Germany
VOLKSWAGEN,POLO GTI,2/2015 - Now on Sale,2015,2024,Germany
VOLKSWAGEN,SCIROCCO,5/2009 - 3/2014,2009,2014,Germany
VOLKSWAGEN,SHARAN,5/1997 - 1/2023,1997,2023,Germany
VOLKSWAGEN,TCROSS,11/2019 - Now on Sale,2019,2024,Germany
VOLKSWAGEN,THE BEETLE,4/2012 - 4/2021,2012,2021,Germany
VOLKSWAGEN,THE BEETLE CABRIOLET,3/2013 - 9/2016,2013,2016,Germany
VOLKSWAGEN,TIGUAN,9/2008 - Now on Sale,2008,2024,Germany
VOLKSWAGEN,TOUAREG,9/2003 - 4/2018,2003,2018,Germany
VOLKSWAGEN,TROC,7/2020 - Now on Sale,2020,2024,Germany
VOLKSWAGEN,UP,10/2012 - 3/2021,2012,2021,Germany
VOLKSWAGEN,VANAGON,10/1990 - 5/1997,1990,1997,Germany
VOLKSWAGEN,VENTO,6/1992 - 1/1999,1992,1999,Germany
VOLKSWAGEN,VOLKSWAGEN CC,7/2012 - 7/2016,2012,2016,Germany
OPEL,ASTRA,1/1993 - 12/2006,1993,2006,Germany
OPEL,CALIBRA,10/1994 - 10/1997,1994,1997,Germany
OPEL,MERIVA,3/2004 - 12/2006,2004,2006,Germany
OPEL,OMEGA,12/1990 - 12/2003,1990,2003,Germany
OPEL,SENATOR,12/1990 - 1/1993,1990,1993,Germany
OPEL,SIGNUM,12/2003 - 12/2006,2003,2006,Germany
OPEL,SPEED STER,1/2003 - 12/2003,2003,2003,Germany
OPEL,TIGRA,10/1996 - 10/1999,1996,1999,Germany
OPEL,VECTRA,12/1990 - 11/2006,1990,2006,Germany
OPEL,VITA,3/1995 - 4/2004,1995,2004,Germany
OPEL,ZAFIRA,4/2000 - 12/2006,2000,2006,Germany
PORSCHE,718 BOXSTER,2/2016 - Now on Sale,2016,2024,Germany
PORSCHE,718 CAYMAN,4/2016 - Now on Sale,2016,2024,Germany
PORSCHE,718 SPYDER,7/2019 - Now on Sale,2019,2024,Germany
PORSCHE,911,2/1991 - Now on Sale,1991,2024,Germany
PORSCHE,928,2/1991 - 9/1991,1991,1991,Germany
PORSCHE,944,2/1991 - 10/1991,1991,1991,Germany
PORSCHE,BOXSTER,10/1996 - 2/2016,1996,2016,Germany
PORSCHE,CAYENNE,9/2002 - Now on Sale,2002,2024,Germany
PORSCHE,CAYENNE COUPE,4/2019 - Now on Sale,2019,2024,Germany
PORSCHE,CAYMAN,8/2005 - 4/2016,2005,2016,Germany
PORSCHE,MACAN,4/2014 - Now on Sale,2014,2024,Germany
PORSCHE,PANAMERA,3/2009 - Now on Sale,2009,2024,Germany
PORSCHE,TAYCAN,6/2020 - Now on Sale,2020,2024,Germany
PORSCHE,TAYCAN CROSS TURISMO,3/2021 - Now on Sale,2021,2024,Germany
MCC SMART,SMART CABRIO,5/2001 - 6/2004,2001,2004,Germany
MCC SMART,SMART COUPE,12/2000 - 6/2004,2000,2004,Germany
MCC SMART,SMART CROSSBLADE,5/2002 - 3/2006,2002,2006,Germany
MCC SMART,SMART FORTWO CABRIO,5/2004 - Now on Sale,2004,2024,Germany
MCC SMART,SMART FORTWO COUPE,5/2004 - Now on Sale,2004,2024,Germany
MCC SMART,SMART FORTWO ELECTRIC DRIVE,5/2012 - 11/2015,2012,2015,Germany
MCC SMART,SMART FORTWO K,5/2004 - 12/2005,2004,2005,Germany
MCC SMART,SMART FOR FOUR,9/2004 - Now on Sale,2004,2024,Germany
MCC SMART,SMART K,10/2001 - 5/2004,2001,2004,Germany
MCC SMART,SMART ROADSTER,9/2003 - 3/2007,2003,2007,Germany
MAYBACH,MAY BACH,9/2002 - 12/2013,2002,2013,Germany
MERCEDES MAYBACH,GLS,7/2021 - Now on Sale,2021,2024,Germany
MERCEDES MAYBACH,SCLASS,2/2015 - Now on Sale,2015,2024,Germany
EUROPE FORD,FIESTA,4/2004 - 12/2016,2004,2016,Germany
EUROPE FORD,FOCUS,3/2000 - 12/2016,2000,2016,Germany
EUROPE FORD,FOCUS CMAX,5/2006 - 3/2008,2006,2008,Germany
EUROPE FORD,GALAXY,1/1998 - 12/1999,1998,1999,Germany
EUROPE FORD,KA,2/1999 - 1/2001,1999,2001,Germany
EUROPE FORD,MONDEO,6/1994 - 1/2008,1994,2008,Germany
YES,YES,1/2005 - 12/2009,2005,2009,Germany
JAGUAR,EPACE,2/2018 - Now on Sale,2018,2024,England
JAGUAR,FPACE,11/2015 - Now on Sale,2015,2024,England
JAGUAR,FTYPE,5/2013 - Now on Sale,2013,2024,England
JAGUAR,IPACE,9/2018 - Now on Sale,2018,2024,England
JAGUAR,SOVEREIGN,10/1990 - 5/2003,1990,2003,England
JAGUAR,STYPE,5/1999 - 4/2008,1999,2008,England
JAGUAR,XE,10/2014 - Now on Sale,2014,2024,England
JAGUAR,XF,11/2007 - Now on Sale,2007,2024,England
JAGUAR,XF SPORTBRAKE,11/2017 - Now on Sale,2017,2024,England
JAGUAR,XJ,10/1990 - 6/2022,1990,2022,England
JAGUAR,XJS,10/1990 - 10/1996,1990,1996,England
JAGUAR,XK,8/1996 - 5/2015,1996,2015,England
JAGUAR,XTYPE,9/2001 - 6/2010,2001,2010,England
JAGUAR,XTYPE ESTATE,7/2004 - 6/2010,2004,2010,England
DAIMLER,DAIMLER,10/1990 - 5/2010,1990,2010,England
ROVER,100,8/1991 - 10/1997,1991,1997,England
ROVER,200,1/1993 - 10/1999,1993,1999,England
ROVER,400,1/1993 - 10/1999,1993,1999,England
ROVER,600,11/1994 - 9/1999,1994,1999,England
ROVER,75,9/1999 - 6/2005,1999,2005,England
ROVER,800,8/1989 - 9/1999,1989,1999,England
ROVER,CABRIOLET,9/1996 - 10/1999,1996,1999,England
ROVER,COUPE,8/1996 - 10/1999,1996,1999,England
ROVER,GSI ESTATE,8/1989 - 2/1993,1989,1993,England
ROVER,MINI,4/1989 - 10/2001,1989,2001,England
ROVER,TOURER,8/1996 - 10/1999,1996,1999,England
MG,MGF,12/1995 - 10/2001,1995,2001,England
MG,MG RV8,4/1994 - 12/1995,1994,1995,England
MG,TF,7/2003 - 6/2005,2003,2005,England
MG,ZT,7/2003 - 6/2005,2003,2005,England
MG,ZTT,7/2003 - 6/2005,2003,2005,England
ROLLSROYCE,CORNICHE,2/2000 - 10/2003,2000,2003,England
ROLLSROYCE,CORNICHE IV,12/1992 - 2/2000,1992,2000,England
ROLLSROYCE,DAWN,9/2015 - Now on Sale,2015,2024,England
ROLLSROYCE,GHOST,10/2009 - Now on Sale,2009,2024,England
ROLLSROYCE,GHOST II,10/2014 - 10/2020,2014,2020,England
ROLLSROYCE,PARK WARD,9/1996 - 10/2003,1996,2003,England
ROLLSROYCE,PHANTOM,10/2003 - 7/2017,2003,2017,England
ROLLSROYCE,PHANTOM COUPE,7/2008 - 7/2017,2008,2017,England
ROLLSROYCE,PHANTOM DROPHEAD COUPE,5/2007 - 7/2017,2007,2017,England
ROLLSROYCE,SILVER DAWN,9/1996 - 3/1998,1996,1998,England
ROLLSROYCE,SILVER SERAPH,3/1998 - 10/2003,1998,2003,England
ROLLSROYCE,SILVER SPIRIT II,12/1992 - 10/1993,1992,1993,England
ROLLSROYCE,SILVER SPUR,9/1996 - 3/1998,1996,1998,England
ROLLSROYCE,SILVER SPUR II,12/1992 - 9/1996,1992,1996,England
ROLLSROYCE,SILVER SPUR WITH DIVISION,9/1996 - 8/1999,1996,1999,England
ROLLSROYCE,TOURING LIMOUSINE,12/1992 - 10/1993,1992,1993,England
ROLLSROYCE,WRAITH,4/2013 - Now on Sale,2013,2024,England
MINI,MINI,10/2001 - Now on Sale,2001,2024,England
BENTLEY,ARNAGE,6/1998 - 9/2009,1998,2009,England
BENTLEY,AZURE,9/1996 - 4/2004,1996,2004,England
BENTLEY,BENTAYGA,9/2016 - Now on Sale,2016,2024,England
BENTLEY,BROOKLANDS,12/1992 - 6/1998,1992,1998,England
BENTLEY,CONTINENTAL,12/1992 - Now on Sale,1992,2024,England
BENTLEY,FLYING SPUR,6/2013 - Now on Sale,2013,2024,England
BENTLEY,MULSANNE,7/2010 - 11/2020,2010,2020,England
BENTLEY,TURBO,12/1992 - 6/1998,1992,1998,England
ASTON MARTIN,DB7,8/1995 - 3/2004,1995,2004,England
ASTON MARTIN,V12 VANQUISH,7/2001 - 4/2004,2001,2004,England
ASTON MARTIN,V8,4/1997 - 11/2000,1997,2000,England
MORGAN,44,10/1998 - 4/2004,1998,2004,England
MORGAN,8,10/1998 - 2/2004,1998,2004,England
MORGAN,AERO8,10/2000 - 4/2004,2000,2004,England
MORGAN,PLUS4,10/1998 - 10/2000,1998,2000,England
TVR,CERBERA,2/1997 - 6/2005,1997,2005,England
TVR,CHIMAERA,3/1995 - 1/2002,1995,2002,England
TVR,GRIFFITH,3/1993 - 1/2002,1993,2002,England
TVR,T350,4/2004 - 6/2005,2004,2005,England
TVR,TAMORA,2/2002 - 6/2005,2002,2005,England
TVR,TUSCAN,11/1999 - 6/2005,1999,2005,England
LOTUS,340R,9/1999 - 3/2003,1999,2003,England
LOTUS,3 ELEVEN,1/2017 - 12/2020,2017,2020,England
LOTUS,ELISE,9/1999 - 1/2023,1999,2023,England
LOTUS,EMIRA,10/2021 - Now on Sale,2021,2024,England
LOTUS,ESPRIT,9/1999 - 12/2003,1999,2003,England
LOTUS,EUROPA S,6/2006 - 6/2011,2006,2011,England
LOTUS,EVORA,6/2009 - 1/2023,2009,2023,England
LOTUS,EXIGE,1/2001 - 1/2023,2001,2023,England
LAND ROVER,DEFENDER,4/2002 - Now on Sale,2002,2024,England
LAND ROVER,DISCOVERY,11/2000 - Now on Sale,2000,2024,England
LAND ROVER,DISCOVERY 3,5/2005 - 6/2009,2005,2009,England
LAND ROVER,DISCOVERY 4,6/2009 - 11/2013,2009,2013,England
LAND ROVER,DISCOVERY SPORT,10/2014 - Now on Sale,2014,2024,England
LAND ROVER,FREELANDER,2/2001 - 6/2007,2001,2007,England
LAND ROVER,FREELANDER 2,6/2007 - 10/2015,2007,2015,England
LAND ROVER,LAND ROVER DEFENDER,4/1997 - 6/1999,1997,1999,England
LAND ROVER,LAND ROVER DISCOVERY,10/1991 - 7/2000,1991,2000,England
LAND ROVER,LAND ROVER RANGE ROVER,4/1990 - 7/2000,1990,2000,England
LAND ROVER,RANGE ROVER,7/2000 - Now on Sale,2000,2024,England
LAND ROVER,RANGE ROVER EVOQUE,3/2012 - Now on Sale,2012,2024,England
LAND ROVER,RANGE ROVER EVOQUE CONVERTIBLE,9/2016 - 9/2019,2016,2019,England
LAND ROVER,RANGE ROVER EVOQUE COUPE,3/2012 - 9/2019,2012,2019,England
LAND ROVER,RANGE ROVER SPORT,11/2005 - Now on Sale,2005,2024,England
LAND ROVER,RANGE ROVER VELAR,7/2017 - Now on Sale,2017,2024,England
LAND ROVER,RANGE ROVER VOGUE,3/2008 - 1/2013,2008,2013,England
FERRARI,355F1,9/1994 - 10/1999,1994,1999,Italy
FERRARI,360,9/1999 - 1/2005,1999,2005,Italy
FERRARI,430 SCUDERIA,5/2008 - 1/2010,2008,2010,Italy
FERRARI,456,5/1998 - 1/2005,1998,2005,Italy
FERRARI,458 ITALIA,3/2010 - 10/2016,2010,2016,Italy
FERRARI,458 SPECIALE,4/2014 - 8/2016,2014,2016,Italy
FERRARI,458 SPIDER,10/2011 - 8/2016,2011,2016,Italy
FERRARI,488 GTB,7/2015 - 8/2019,2015,2019,Italy
FERRARI,488 SPIDER,9/2015 - 9/2019,2015,2019,Italy
FERRARI,550,12/1996 - 5/2002,1996,2002,Italy
FERRARI,575,5/2002 - 5/2006,2002,2006,Italy
FERRARI,599,10/2006 - 3/2012,2006,2012,Italy
FERRARI,612,4/2004 - 6/2011,2004,2011,Italy
FERRARI,812 GTS,9/2019 - Now on Sale,2019,2024,Italy
FERRARI,CALIFORNIA,3/2009 - 5/2012,2009,2012,Italy
FERRARI,CALIFORNIA 30,5/2012 - 6/2014,2012,2014,Italy
FERRARI,CALIFORNIA T,4/2014 - 11/2017,2014,2017,Italy
FERRARI,F12 BERLINETTA,7/2012 - 4/2017,2012,2017,Italy
FERRARI,F355,9/1994 - 7/1999,1994,1999,Italy
FERRARI,F430,1/2005 - 1/2010,2005,2010,Italy
FERRARI,F430 SPIDER,5/2005 - 1/2010,2005,2010,Italy
FERRARI,F8 SPIDER,1/2020 - Now on Sale,2020,2024,Italy
FERRARI,F8 TRIBUTO,6/2019 - Now on Sale,2019,2024,Italy
FERRARI,FF,7/2011 - 6/2016,2011,2016,Italy
FERRARI,GTC4 LUSSO,5/2016 - 11/2020,2016,2020,Italy
FERRARI,PORTOFINO,2/2018 - 1/2021,2018,2021,Italy
FERRARI,PORTOFINO M,10/2020 - Now on Sale,2020,2024,Italy
FERRARI,ROMA,4/2020 - Now on Sale,2020,2024,Italy
FERRARI,SF90 SPIDER,4/2021 - Now on Sale,2021,2024,Italy
FERRARI,SF90 STRADALE,10/2019 - Now on Sale,2019,2024,Italy
FERRARI,SUPERAMERICA,5/2005 - 5/2006,2005,2006,Italy
MASERATI,3200GT,11/1998 - 10/2003,1998,2003,Italy
MASERATI,COUPE,5/2002 - 1/2008,2002,2008,Italy
MASERATI,GHIBLI,12/2013 - Now on Sale,2013,2024,Italy
MASERATI,GRANCABRIO,3/2010 - 6/2020,2010,2020,Italy
MASERATI,GRAN SPORT,9/2004 - 1/2008,2004,2008,Italy
MASERATI,GRAN TURISMO,10/2007 - Now on Sale,2007,2024,Italy
MASERATI,GRECALE,5/2022 - Now on Sale,2022,2024,Italy
MASERATI,LEVANTE,9/2016 - Now on Sale,2016,2024,Italy
MASERATI,MC20,9/2020 - Now on Sale,2020,2024,Italy
MASERATI,QUATTROPORTE,11/1998 - Now on Sale,1998,2024,Italy
MASERATI,SPYDER,10/2001 - 3/2007,2001,2007,Italy
ALFA ROMEO,4C,7/2014 - 4/2020,2014,2020,Italy
ALFA ROMEO,4C SPIDER,11/2015 - 4/2020,2015,2020,Italy
ALFA ROMEO,ALFA 145,9/1996 - 9/2001,1996,2001,Italy
ALFA ROMEO,ALFA 147,10/2001 - 3/2011,2001,2011,Italy
ALFA ROMEO,ALFA 155,9/1992 - 5/1998,1992,1998,Italy
ALFA ROMEO,ALFA 156,5/1998 - 4/2006,1998,2006,Italy
ALFA ROMEO,ALFA 156 SPORTWAGON,9/2002 - 4/2006,2002,2006,Italy
ALFA ROMEO,ALFA 159,2/2006 - 7/2011,2006,2011,Italy
ALFA ROMEO,ALFA 159 SPORTWAGON,4/2007 - 3/2011,2007,2011,Italy
ALFA ROMEO,ALFA 164,2/1989 - 12/1997,1989,1997,Italy
ALFA ROMEO,ALFA 166,9/1999 - 10/2008,1999,2008,Italy
ALFA ROMEO,ALFA 75,3/1990 - 9/1992,1990,1992,Italy
ALFA ROMEO,ALFA BRERA,4/2006 - 8/2011,2006,2011,Italy
ALFA ROMEO,ALFA GT,6/2004 - 8/2011,2004,2011,Italy
ALFA ROMEO,ALFA GTV,1/1996 - 4/2006,1996,2006,Italy
ALFA ROMEO,ALFA SPIDER,3/1990 - 8/2011,1990,2011,Italy
ALFA ROMEO,ALFA SPORTWAGON,9/2000 - 9/2002,2000,2002,Italy
ALFA ROMEO,GIULIA,10/2017 - Now on Sale,2017,2024,Italy
ALFA ROMEO,GIULIETTA,2/2012 - 11/2021,2012,2021,Italy
ALFA ROMEO,MITO,5/2009 - 10/2018,2009,2018,Italy
ALFA ROMEO,STELVIO,7/2018 - Now on Sale,2018,2024,Italy
ALFA ROMEO,TONALE,2/2023 - Now on Sale,2023,2024,Italy
FIAT,500,3/2008 - Now on Sale,2008,2024,Italy
FIAT,500C,7/2009 - Now on Sale,2009,2024,Italy
FIAT,500S,4/2013 - 9/2019,2013,2019,Italy
FIAT,500X,10/2015 - Now on Sale,2015,2024,Italy
FIAT,500e,6/2022 - Now on Sale,2022,2024,Italy
FIAT,BARCHETTA,1/1996 - 1/2003,1996,2003,Italy
FIAT,BRAVISSIMO,2/1998 - 11/1999,1998,1999,Italy
FIAT,COUPE FIAT,1/1995 - 11/2001,1995,2001,Italy
FIAT,DOBLO,5/2023 - Now on Sale,2023,2024,Italy
FIAT,GRANDE PUNTO,6/2006 - 6/2010,2006,2010,Italy
FIAT,MULTIPLA,4/2003 - 11/2004,2003,2004,Italy
FIAT,NEW BARCHETTA,7/2004 - 9/2007,2004,2007,Italy
FIAT,NEW MULTIPLA,11/2004 - 11/2007,2004,2007,Italy
FIAT,NEW PANDA,7/2004 - 5/2011,2004,2011,Italy
FIAT,PANDA,1/1989 - Now on Sale,1989,2024,Italy
FIAT,PUNTO,3/1997 - 4/2014,1997,2014,Italy
FIAT,PUNTO EVO,6/2010 - 2/2013,2010,2013,Italy
FIAT,TEMPRA,7/1992 - 11/1993,1992,1993,Italy
FIAT,TIPO,11/1990 - 11/1993,1990,1993,Italy
FIAT,UNO,11/1990 - 11/1993,1990,1993,Italy
LAMBORGHINI,AVENTADOR,3/2011 - Now on Sale,2011,2024,Italy
LAMBORGHINI,DIABLO,11/1998 - 10/2001,1998,2001,Italy
LAMBORGHINI,GALLARDO,5/2003 - 11/2013,2003,2013,Italy
LAMBORGHINI,GALLARDO SPYDER,10/2005 - 11/2013,2005,2013,Italy
LAMBORGHINI,HURACAN,7/2014 - Now on Sale,2014,2024,Italy
LAMBORGHINI,MURCIELAGO,12/2001 - 11/2010,2001,2010,Italy
LAMBORGHINI,MURCIELAGO ROADSTER,10/2005 - 11/2010,2005,2010,Italy
LAMBORGHINI,URUS,2/2018 - Now on Sale,2018,2024,Italy
LANCIA,DEDRA,5/1991 - 1/1994,1991,1994,Italy
LANCIA,DELTA,1/1989 - 1/1995,1989,1995,Italy
LANCIA,PRISMA,1/1988 - 1/1993,1988,1993,Italy
LANCIA,THEMA,8/1989 - 10/1996,1989,1996,Italy
AUTOBIANCHI,Y10,2/1990 - 10/1993,1990,1993,Italy
ABARTH,ABARTH 124 SPIDER,10/2016 - 1/2021,2016,2021,Italy
ABARTH,ABARTH 500,4/2009 - 2/2017,2009,2017,Italy
ABARTH,ABARTH 500C,10/2010 - 4/2014,2010,2014,Italy
ABARTH,ABARTH 595,1/2013 - Now on Sale,2013,2024,Italy
ABARTH,ABARTH 595C,1/2013 - 3/2023,2013,2023,Italy
ABARTH,ABARTH 695,3/2023 - Now on Sale,2023,2024,Italy
ABARTH,ABARTH 695C,3/2023 - Now on Sale,2023,2024,Italy
ABARTH,ABARTH 695C RIVALE,11/2018 - 6/2019,2018,2019,Italy
ABARTH,ABARTH 695 70 ANNIVERSARIO,11/2019 - 5/2020,2019,2020,Italy
ABARTH,ABARTH 695 ANNO DEL TORO,1/2021 - 6/2021,2021,2021,Italy
ABARTH,ABARTH 695 BIPOSTO,9/2015 - 12/2017,2015,2017,Italy
ABARTH,ABARTH 695 EDIAIONE MASERATI,2/2013 - 9/2013,2013,2013,Italy
ABARTH,ABARTH 695 ESSEESSE,5/2022 - 11/2022,2022,2022,Italy
ABARTH,ABARTH 695 RIVALE,11/2018 - 6/2019,2018,2019,Italy
ABARTH,ABARTH 695 TRIBUTO,6/2023 - Now on Sale,2023,2024,Italy
ABARTH,ABARTH 695 TRIBUTO FERRARI,11/2010 - 1/2013,2010,2013,Italy
ABARTH,ABARTH GRANDE PUNTO,2/2009 - 10/2010,2009,2010,Italy
ABARTH,ABARTH PUNTO,10/2012 - 4/2014,2012,2014,Italy
ABARTH,ABARTH PUNTO EVO,10/2010 - 10/2012,2010,2012,Italy
CITROEN,AX,1/1990 - 12/1996,1990,1996,France
CITROEN,BERLINGO,10/2019 - Now on Sale,2019,2024,France
CITROEN,BX,1/1989 - 10/1993,1989,1993,France
CITROEN,C2,4/2004 - 3/2008,2004,2008,France
CITROEN,C3,10/2002 - Now on Sale,2002,2024,France
CITROEN,C3 AIRCROSS,7/2019 - Now on Sale,2019,2024,France
CITROEN,C3 PLURIEL,4/2005 - 3/2008,2005,2008,France
CITROEN,C4,6/2005 - Now on Sale,2005,2024,France
CITROEN,C4 CACTUS,10/2016 - 12/2016,2016,2016,France
CITROEN,C4 PICASSO,6/2007 - 9/2018,2007,2018,France
CITROEN,C5,6/2001 - 6/2016,2001,2016,France
CITROEN,C5 AIRCROSS,5/2019 - Now on Sale,2019,2024,France
CITROEN,C5 X,10/2022 - Now on Sale,2022,2024,France
CITROEN,C6,10/2006 - 12/2010,2006,2010,France
CITROEN,CHANSON,2/1997 - 4/1999,1997,1999,France
CITROEN,DS3,3/2010 - 5/2014,2010,2014,France
CITROEN,DS3 CABRIO,7/2013 - 5/2014,2013,2014,France
CITROEN,DS4,9/2011 - 5/2014,2011,2014,France
CITROEN,DS5,8/2012 - 5/2014,2012,2014,France
CITROEN,EC4,1/2022 - Now on Sale,2022,2024,France
CITROEN,GRAND C4 PICASSO,10/2014 - 9/2018,2014,2018,France
CITROEN,GRAND C4 SPACETOURER,9/2018 - 10/2022,2018,2022,France
CITROEN,SAXO,4/1999 - 4/2004,1999,2004,France
CITROEN,XANTIA,10/1993 - 10/2001,1993,2001,France
CITROEN,XM,10/1990 - 10/2001,1990,2001,France
CITROEN,XSARA,3/1998 - 6/2005,1998,2005,France
CITROEN,XSARA PICASSO,6/2004 - 11/2005,2004,2005,France
CITROEN,ZX,4/1992 - 10/1998,1992,1998,France
DS AUTOMOBILES,DS3,6/2014 - Now on Sale,2014,2024,France
DS AUTOMOBILES,DS3 CABRIO,6/2014 - 3/2019,2014,2019,France
DS AUTOMOBILES,DS3 CROSSBACK,4/2019 - 5/2023,2019,2023,France
DS AUTOMOBILES,DS4,6/2014 - Now on Sale,2014,2024,France
DS AUTOMOBILES,DS5,6/2014 - 11/2018,2014,2018,France
DS AUTOMOBILES,DS7,4/2023 - Now on Sale,2023,2024,France
DS AUTOMOBILES,DS7 CROSSBACK,7/2018 - 3/2023,2018,2023,France
DS AUTOMOBILES,DS9,4/2022 - Now on Sale,2022,2024,France
RENAULT,19,1/1991 - 9/1996,1991,1996,France
RENAULT,21,7/1989 - 10/1991,1989,1991,France
RENAULT,5,10/1990 - 10/1991,1990,1991,France
RENAULT,ALPINE,1/1992 - 1/1993,1992,1993,France
RENAULT,ALPINE A110,6/2018 - Now on Sale,2018,2024,France
RENAULT,ARKANA,5/2022 - Now on Sale,2022,2024,France
RENAULT,AVANTIME,11/2002 - 9/2005,2002,2005,France
RENAULT,CAPTUR,1/2014 - Now on Sale,2014,2024,France
RENAULT,EXPRESS,6/1988 - 10/1990,1988,1990,France
RENAULT,GRAND SCENIC,9/2005 - 9/2009,2005,2009,France
RENAULT,KADJAR,8/2017 - 5/2019,2017,2019,France
RENAULT,KANGOO,3/2002 - Now on Sale,2002,2024,France
RENAULT,KANGOO BEBOP,9/2010 - 1/2012,2010,2012,France
RENAULT,KOLEOS,5/2009 - 12/2016,2009,2016,France
RENAULT,LAGUNA,10/1994 - 12/2005,1994,2005,France
RENAULT,LUTECIA,10/1991 - Now on Sale,1991,2024,France
RENAULT,MEGANE,9/1996 - Now on Sale,1996,2024,France
RENAULT,MEGANE ESTATE,7/2012 - 10/2017,2012,2017,France
RENAULT,SAFRANE,1/1995 - 11/1998,1995,1998,France
RENAULT,SCENIC,5/1999 - 4/2004,1999,2004,France
RENAULT,TWINGO,9/1995 - Now on Sale,1995,2024,France
RENAULT,WIND,7/2011 - 5/2013,2011,2013,France
PEUGEOT,1007,3/2006 - 12/2008,2006,2008,France
PEUGEOT,106,3/1995 - 7/2003,1995,2003,France
PEUGEOT,2008,2/2014 - Now on Sale,2014,2024,France
PEUGEOT,205,9/1989 - 4/1995,1989,1995,France
PEUGEOT,206,5/1999 - 1/2008,1999,2008,France
PEUGEOT,207,3/2007 - 10/2012,2007,2012,France
PEUGEOT,208,11/2012 - Now on Sale,2012,2024,France
PEUGEOT,3008,6/2010 - Now on Sale,2010,2024,France
PEUGEOT,306,2/1994 - 6/2002,1994,2002,France
PEUGEOT,307,10/2001 - 11/2008,2001,2008,France
PEUGEOT,308,6/2008 - Now on Sale,2008,2024,France
PEUGEOT,309,9/1989 - 2/1994,1989,1994,France
PEUGEOT,405,9/1989 - 11/1996,1989,1996,France
PEUGEOT,406,11/1996 - 8/2005,1996,2005,France
PEUGEOT,407,6/2005 - 6/2011,2005,2011,France
PEUGEOT,408,7/2023 - Now on Sale,2023,2024,France
PEUGEOT,5008,2/2013 - Now on Sale,2013,2024,France
PEUGEOT,508,7/2011 - Now on Sale,2011,2024,France
PEUGEOT,605,12/1990 - 10/1999,1990,1999,France
PEUGEOT,607,10/2001 - 5/2005,2001,2005,France
PEUGEOT,E2008,9/2020 - Now on Sale,2020,2024,France
PEUGEOT,E208,7/2020 - Now on Sale,2020,2024,France
PEUGEOT,RCZ,7/2010 - 12/2016,2010,2016,France
PEUGEOT,RIFTER,10/2019 - Now on Sale,2019,2024,France
VENTURI,ATLANTIC,1/1998 - 7/1999,1998,1999,France
VOLVO,240,10/1989 - 10/1993,1989,1993,Sweden
VOLVO,240 WAGON,10/1989 - 10/1993,1989,1993,Sweden
VOLVO,360,10/1989 - 9/1990,1989,1990,Sweden
VOLVO,480,10/1989 - 9/1990,1989,1990,Sweden
VOLVO,740,10/1989 - 10/1992,1989,1992,Sweden
VOLVO,740 ESTATE,10/1989 - 10/1992,1989,1992,Sweden
VOLVO,760,10/1989 - 10/1991,1989,1991,Sweden
VOLVO,780,10/1989 - 10/1991,1989,1991,Sweden
VOLVO,850,5/1992 - 2/1997,1992,1997,Sweden
VOLVO,850 ESTATE,10/1993 - 2/1997,1993,1997,Sweden
VOLVO,940,9/1990 - 10/1997,1990,1997,Sweden
VOLVO,940 ESTATE,9/1990 - 10/1997,1990,1997,Sweden
VOLVO,960,9/1990 - 2/1997,1990,1997,Sweden
VOLVO,960 ESTATE,9/1990 - 2/1997,1990,1997,Sweden
VOLVO,C30,7/2007 - 9/2013,2007,2013,Sweden
VOLVO,C40 RECHARGE,1/2022 - Now on Sale,2022,2024,Sweden
VOLVO,C70,5/1997 - 9/2013,1997,2013,Sweden
VOLVO,CROSS COUNTRY,9/2000 - 11/2002,2000,2002,Sweden
VOLVO,EX30,11/2023 - Now on Sale,2023,2024,Sweden
VOLVO,S40,10/1997 - 11/2012,1997,2012,Sweden
VOLVO,S60,1/2001 - Now on Sale,2001,2024,Sweden
VOLVO,S70,2/1997 - 8/2000,1997,2000,Sweden
VOLVO,S80,9/1998 - 8/2016,1998,2016,Sweden
VOLVO,S90,8/1997 - Now on Sale,1997,2024,Sweden
VOLVO,V40,10/1997 - 12/2020,1997,2020,Sweden
VOLVO,V50,5/2004 - 1/2013,2004,2013,Sweden
VOLVO,V60,6/2011 - Now on Sale,2011,2024,Sweden
VOLVO,V70,2/1997 - 2/2017,1997,2017,Sweden
VOLVO,V90,8/1997 - Now on Sale,1997,2024,Sweden
VOLVO,XC40,3/2018 - Now on Sale,2018,2024,Sweden
VOLVO,XC40 RECHARGE,7/2022 - Now on Sale,2022,2024,Sweden
VOLVO,XC60,6/2009 - Now on Sale,2009,2024,Sweden
VOLVO,XC70,11/2002 - 2/2017,2002,2017,Sweden
VOLVO,XC90,5/2003 - Now on Sale,2003,2024,Sweden
SAAB,9000 SERIES,10/1988 - 10/1997,1988,1997,Sweden
SAAB,900 SERIES,10/1989 - 6/1998,1989,1998,Sweden
SAAB,93 SERIES,6/1998 - 3/2014,1998,2014,Sweden
SAAB,95 SERIES,10/1997 - 3/2014,1997,2014,Sweden
DONKERVOORT,D8 SPORTS,4/1998 - 4/2004,1998,2004,Netherlands
CADILLAC,CADILLAC ALLANTE,10/1989 - 11/1993,1989,1993,America
CADILLAC,CADILLAC ATS,3/2013 - 6/2019,2013,2019,America
CADILLAC,CADILLAC ATSV,1/2016 - 12/2018,2016,2018,America
CADILLAC,CADILLAC ATS COUPE,3/2015 - 2/2018,2015,2018,America
CADILLAC,CADILLAC CONCOURS,11/1993 - 11/1999,1993,1999,America
CADILLAC,CADILLAC CT5,1/2021 - Now on Sale,2021,2024,America
CADILLAC,CADILLAC CT6,9/2016 - 3/2021,2016,2021,America
CADILLAC,CADILLAC CTS,3/2003 - 7/2020,2003,2020,America
CADILLAC,CADILLAC CTSV,1/2016 - 7/2019,2016,2019,America
CADILLAC,CADILLAC CTS COUPE,1/2011 - 2/2014,2011,2014,America
CADILLAC,CADILLAC CTS SPORT WAGON,2/2010 - 2/2014,2010,2014,America
CADILLAC,CADILLAC DEVILE,11/1999 - 6/2006,1999,2006,America
CADILLAC,CADILLAC DTS,6/2006 - 9/2010,2006,2010,America
CADILLAC,CADILLAC ELDORADO,10/1989 - 11/1999,1989,1999,America
CADILLAC,CADILLAC ESCALADE,1/2004 - Now on Sale,2004,2024,America
CADILLAC,CADILLAC FLEETWOOD,10/1989 - 10/1995,1989,1995,America
CADILLAC,CADILLAC LIMOUSINE,11/1990 - 11/1992,1990,1992,America
CADILLAC,CADILLAC SEVILE,10/1989 - 11/2004,1989,2004,America
CADILLAC,CADILLAC SRX,10/2003 - 8/2010,2003,2010,America
CADILLAC,CADILLAC SRX CROSSOVER,12/2010 - 7/2017,2010,2017,America
CADILLAC,CADILLAC STS,11/2004 - 1/2011,2004,2011,America
CADILLAC,CADILLAC XLR,10/2003 - 1/2011,2003,2011,America
CADILLAC,CADILLAC XT4,1/2021 - Now on Sale,2021,2024,America
CADILLAC,CADILLAC XT5,12/2019 - Now on Sale,2019,2024,America
CADILLAC,CADILLAC XT5 CROSSOVER,10/2017 - 12/2019,2017,2019,America
CADILLAC,CADILLAC XT6,1/2020 - Now on Sale,2020,2024,America
CADILLAC,CADILLAC XTS,1/2013 - 7/2015,2013,2015,America
PONTIAC,PONTIAC BONNEVILLE,10/1989 - 10/1993,1989,1993,America
PONTIAC,PONTIAC FIREBIRD,10/1989 - 11/1992,1989,1992,America
PONTIAC,PONTIAC GRAND AM,10/1989 - 10/1997,1989,1997,America
PONTIAC,PONTIAC GRAND PRIX,3/1990 - 10/1993,1990,1993,America
CHEVROLET,CHEVROLET ASTRO,11/1993 - 10/2005,1993,2005,America
CHEVROLET,CHEVROLET AVALANCHE,6/2011 - 5/2012,2011,2012,America
CHEVROLET,CHEVROLET BLAZER,6/1995 - 10/2002,1995,2002,America
CHEVROLET,CHEVROLET BLAZER SILVERRADO,10/1989 - 5/1995,1989,1995,America
CHEVROLET,CHEVROLET CAMARO,10/1989 - Now on Sale,1989,2024,America
CHEVROLET,CHEVROLET CAPTIVA,7/2011 - 12/2018,2011,2018,America
CHEVROLET,CHEVROLET CHEVY,11/1990 - 10/1991,1990,1991,America
CHEVROLET,CHEVROLET CORVETTE,11/1990 - Now on Sale,1990,2024,America
CHEVROLET,CHEVROLET CRUSE,11/2001 - 7/2008,2001,2008,America
CHEVROLET,CHEVROLET HHR,6/2007 - 5/2012,2007,2012,America
CHEVROLET,CHEVROLET MW,9/2000 - 12/2010,2000,2010,America
CHEVROLET,CHEVROLET OPTRA,1/2005 - 6/2007,2005,2007,America
CHEVROLET,CHEVROLET S10 BLAZER,10/1989 - 5/1995,1989,1995,America
CHEVROLET,CHEVROLET SILVERADO,4/2010 - 3/2012,2010,2012,America
CHEVROLET,CHEVROLET SONIC,11/2011 - 1/2016,2011,2016,America
CHEVROLET,CHEVROLET TAHOE,2/2008 - 5/2012,2008,2012,America
CHEVROLET,CHEVROLET TAHOE SPORTS,10/1995 - 10/1997,1995,1997,America
CHEVROLET,CHEVROLET TRAILBLAZER,9/2001 - 5/2010,2001,2010,America
CHEVROLET,CHEVROLET TRAVERSE,6/2009 - 5/2012,2009,2012,America
STARCRAFT,STARCRAFT,3/1996 - 9/2004,1996,2004,America
STARCRAFT,STARCRAFT GVAN,7/2000 - 9/2004,2000,2004,America
LINCOLN,LINCOLN CONTINENTAL,12/1989 - 7/2003,1989,2003,America
LINCOLN,LINCOLN LS,10/1999 - 10/2002,1999,2002,America
LINCOLN,LINCOLN MARK VIII,4/1993 - 11/1996,1993,1996,America
LINCOLN,LINCOLN MKX,9/2008 - 12/2016,2008,2016,America
LINCOLN,LINCOLN NAVIGATOR,5/2008 - 12/2016,2008,2016,America
LINCOLN,LINCOLN TOWNCAR,12/1998 - 7/2010,1998,2010,America
MERCURY,MERCURY COUGAR,6/1999 - 10/2002,1999,2002,America
MERCURY,MERCURY GRAND MARQUIS,4/1991 - 12/2010,1991,2010,America
CHRYSLER JEEP,JEEP CHEROKEE,12/1989 - 4/2022,1989,2022,America
CHRYSLER JEEP,JEEP COMMANDER,5/2006 - Now on Sale,2006,2024,America
CHRYSLER JEEP,JEEP COMPASS,3/2012 - Now on Sale,2012,2024,America
CHRYSLER JEEP,JEEP GLADIATOR,11/2021 - Now on Sale,2021,2024,America
CHRYSLER JEEP,JEEP GRAND CHEROKEE,1/1993 - Now on Sale,1993,2024,America
CHRYSLER JEEP,JEEP GRAND CHEROKEE 4xe,10/2022 - Now on Sale,2022,2024,America
CHRYSLER JEEP,JEEP GRAND CHEROKEE L,2/2022 - Now on Sale,2022,2024,America
CHRYSLER JEEP,JEEP PATRIOT,8/2007 - 5/2013,2007,2013,America
CHRYSLER JEEP,JEEP RENEGADE,9/2015 - Now on Sale,2015,2024,America
CHRYSLER JEEP,JEEP RENEGADE 4xe,11/2020 - Now on Sale,2020,2024,America
CHRYSLER JEEP,JEEP WRANGLER,12/1989 - Now on Sale,1989,2024,America
CHRYSLER JEEP,JEEP WRANGLER UNLIMITED,3/2007 - Now on Sale,2007,2024,America
CHRYSLER JEEP,JEEP WRANGLER UNLIMITED 4xe,12/2022 - Now on Sale,2022,2024,America
FORD,ECOSPORT,5/2014 - 12/2016,2014,2016,America
FORD,ESCAPE,12/2000 - 9/2013,2000,2013,America
FORD,EXPEDITION,1/1999 - 4/2004,1999,2004,America
FORD,EXPLORER,10/1990 - 12/2016,1990,2016,America
FORD,EXPLORER SPORT TRAC,6/2007 - 10/2011,2007,2011,America
FORD,F150,11/1998 - 2/2002,1998,2002,America
FORD,KUGA,10/2010 - 12/2016,2010,2016,America
FORD,MUSTANG,5/1994 - 12/2016,1994,2016,America
FORD,PROBE,9/1988 - 10/1995,1988,1995,America
FORD,TAURUS,12/1988 - 11/1999,1988,1999,America
FORD,THUNDERBIRD,11/1990 - 10/1993,1990,1993,America
SATURN,SATURN SC2 COUPE,4/1997 - 7/2001,1997,2001,America
SATURN,SATURN SL2 SEDAN,4/1997 - 7/2001,1997,2001,America
SATURN,SATURN SW2 WAGON,4/1997 - 7/2001,1997,2001,America
CHRYSLER,CHRYSLER 300,12/2012 - 2/2018,2012,2018,America
CHRYSLER,CHRYSLER 300C,2/2005 - 9/2011,2005,2011,America
CHRYSLER,CHRYSLER 300C TOURING,7/2006 - 11/2009,2006,2009,America
CHRYSLER,CHRYSLER 300M,6/2000 - 4/2004,2000,2004,America
CHRYSLER,CHRYSLER ACCLAIM,11/1989 - 12/1992,1989,1992,America
CHRYSLER,CHRYSLER CROSSFIRE,12/2003 - 5/2008,2003,2008,America
CHRYSLER,CHRYSLER GRAND VOYAGER,4/1997 - 2/2011,1997,2011,America
CHRYSLER,CHRYSLER IMPERIAL,11/1989 - 12/1992,1989,1992,America
CHRYSLER,CHRYSLER NEON,6/1996 - 1/2003,1996,2003,America
CHRYSLER,CHRYSLER PT CRUISER,7/2000 - 11/2010,2000,2010,America
CHRYSLER,CHRYSLER PT CRUISER CABRIO,7/2004 - 5/2009,2004,2009,America
CHRYSLER,CHRYSLER STRATUS,12/1995 - 12/1997,1995,1997,America
CHRYSLER,CHRYSLER VIPER,10/1999 - 1/2003,1999,2003,America
CHRYSLER,CHRYSLER VOYAGER,4/1997 - 5/2008,1997,2008,America
CHRYSLER,CHRYSLER YPSILON,12/2012 - 12/2014,2012,2014,America
TIARA,TIARA ROYAL STAR,1/1996 - 9/1999,1996,1999,America
DODGE,DODGE AVENGER,6/2007 - 10/2010,2007,2010,America
DODGE,DODGE CALIBER,6/2007 - 5/2010,2007,2010,America
DODGE,DODGE CHARGER,6/2007 - 10/2010,2007,2010,America
DODGE,DODGE JC,1/2009 - 3/2011,2009,2011,America
DODGE,DODGE NITRO,6/2007 - 8/2012,2007,2012,America
BUICK,BUICK PARK AVENUE,10/1989 - 10/1996,1989,1996,America
BUICK,BUICK REGAL,10/1989 - 10/1996,1989,1996,America
HUMMER,HUMMER H2,2/2003 - 2/2010,2003,2010,America
HUMMER,HUMMER H3,6/2005 - 2/2010,2005,2010,America
KIA,VIGATO,9/1997 - 1/2000,1997,2000,South Korea
DAEWOO,MATIZ,11/1999 - 4/2004,1999,2004,South Korea
HYUNDAI,ELANTRA,1/2001 - 5/2009,2001,2009,South Korea
HYUNDAI,ELANTRA EURO,5/2001 - 10/2003,2001,2003,South Korea
HYUNDAI,GRANDEUR,1/2006 - 6/2010,2006,2010,South Korea
HYUNDAI,HYUNDAI COUPE,4/2002 - 6/2009,2002,2009,South Korea
HYUNDAI,I30,7/2008 - 6/2010,2008,2010,South Korea
HYUNDAI,I30CW,6/2009 - 6/2010,2009,2010,South Korea
HYUNDAI,IONIQ 5,5/2022 - Now on Sale,2022,2024,South Korea
HYUNDAI,JM,9/2004 - 6/2010,2004,2010,South Korea
HYUNDAI,NEXO,5/2022 - Now on Sale,2022,2024,South Korea
HYUNDAI,SANTA FE,1/2001 - 9/2004,2001,2004,South Korea
HYUNDAI,SONATA,9/2005 - 11/2009,2005,2009,South Korea
HYUNDAI,TB,10/2002 - 11/2009,2002,2009,South Korea
HYUNDAI,TRAJET,1/2001 - 3/2004,2001,2004,South Korea
HYUNDAI,XG,5/2001 - 1/2006,2001,2006,South Korea
GM MATIZ,MATIZ,5/2003 - 3/2014,2003,2014,South Korea
CT T,EZONE SEDAN,8/2010 - 8/2011,2010,2011,South Korea
BIRKIN,S3,2/2002 - 6/2005,2002,2005,South Africa
BYD,ATTO 3,1/2023 - Now on Sale,2023,2024,China